date,co,no2,o3,so2
2025-08-23T00:00:00.000Z,,,,
2025-08-24T00:00:00.000Z,,,0.1274641463089557,
2025-08-25T00:00:00.000Z,,,0.1273420681910855,
2025-08-26T00:00:00.000Z,0.0380336052992127,,0.1258094785352276,
2025-08-27T00:00:00.000Z,0.0319076624698937,,0.1237825899429264,2.3099097234080546e-05
2025-08-28T00:00:00.000Z,0.0329000825965494,2.2492230626479557e-05,0.1251271470849003,7.080411762401473e-05
2025-08-29T00:00:00.000Z,0.0359328376210254,2.075746961054392e-05,0.1275375643301577,-2.0577475559683216e-05
2025-08-30T00:00:00.000Z,,,0.1241619276503721,
2025-08-31T00:00:00.000Z,,,0.1258813643029757,
2025-09-01T00:00:00.000Z,0.0350971911989507,1.828663812714817e-05,0.1313291147706054,-3.716103781741254e-05
2025-09-02T00:00:00.000Z,0.0346365551299908,,0.1322931322668279,
2025-09-03T00:00:00.000Z,0.0322291222520363,,0.1287531545829205,
2025-09-04T00:00:00.000Z,0.0334097954304251,3.004189650656532e-05,0.131904133905967,1.576453557368321e-06
2025-09-05T00:00:00.000Z,0.0263840689069845,2.724576691381277e-05,0.1295151408939134,-0.00012069203939972796
2025-09-06T00:00:00.000Z,0.0327352099624034,2.0310416882946607e-05,0.1277362665250188,1.7822516589322257e-06
2025-09-07T00:00:00.000Z,,2.6742660338641144e-05,0.1241558970262606,0.00021626263651342012
2025-09-08T00:00:00.000Z,0.0338809299423839,3.0505500035360456e-05,0.1246377538357462,2.3257540912406207e-06
2025-09-09T00:00:00.000Z,0.0378788529584805,2.3307940528656427e-05,0.1257927009747141,1.79263819124638e-05
2025-09-10T00:00:00.000Z,0.034851127259788,3.5726151851689226e-05,0.1259973717942124,1.8243276989388892e-05
2025-09-11T00:00:00.000Z,0.0383800985735087,2.8773522687627782e-05,0.1269728505895251,2.3141556117220068e-05
2025-09-12T00:00:00.000Z,0.0375446585007011,2.3074286572308563e-05,0.1262336263344401,3.5238985440104664e-06
2025-09-13T00:00:00.000Z,0.0369034555593603,2.490284059928984e-05,0.1260889252381665,3.630766614605818e-05
2025-09-14T00:00:00.000Z,0.0403771394597632,2.721355303947348e-05,0.1254894155121985,3.801559133222554e-05
2025-09-15T00:00:00.000Z,0.0416031802694002,2.73957711760886e-05,0.1250631224718831,9.857847938960676e-07
2025-09-16T00:00:00.000Z,0.0357627329049688,2.556363483563473e-05,0.1250888792177041,3.662772251686874e-05
2025-09-17T00:00:00.000Z,0.0379010891719233,2.6517302949127556e-05,0.1260986048728227,6.48195833027346e-05
2025-09-18T00:00:00.000Z,0.0360836999392823,2.413259892208559e-05,0.1276663680161748,-5.450199711767821e-06
2025-09-19T00:00:00.000Z,,2.609456593442398e-05,0.1240904751632894,4.019244443043135e-05
2025-09-20T00:00:00.000Z,0.034860599519951,3.019267381075354e-05,0.1254547654340664,-1.48894333246322e-05
2025-09-21T00:00:00.000Z,0.0359804807851711,3.415210273617829e-05,0.1268580249022869,8.432524063686114e-05
2025-09-22T00:00:00.000Z,0.0413206745729301,3.4778373403588335e-05,0.1262980382002535,-4.845664863123169e-05
2025-09-23T00:00:00.000Z,0.0363602464397748,4.279217810541186e-05,0.1242287904911098,4.2053608943942456e-05
2025-09-24T00:00:00.000Z,0.036109642818188,3.748396245230522e-05,0.1243326262171779,4.9763040984426456e-05
2025-09-25T00:00:00.000Z,0.0354395620524883,3.249081611925032e-05,0.1236993062886453,2.3071198359589503e-05
2025-09-26T00:00:00.000Z,0.0358045053047438,3.9004755719707605e-05,0.1242162852237622,0.0001999766518132501
2025-09-27T00:00:00.000Z,0.0392006223648786,3.944130986339933e-05,0.1255845448800495,6.03537184166011e-05
2025-09-28T00:00:00.000Z,0.0359734545594879,3.301814472035316e-05,0.123770985042765,9.344157652300229e-05
2025-09-29T00:00:00.000Z,0.0362326770384864,3.543864100143631e-05,0.1232300115128358,7.327983790414041e-05
2025-09-30T00:00:00.000Z,0.040937952697277,4.1488632199443166e-05,0.1235379253824551,-2.128150420806681e-05
2025-10-01T00:00:00.000Z,,2.7501429652081088e-05,0.1236267076539141,0.00013288357813291354
2025-10-02T00:00:00.000Z,0.0397894557278889,2.842960302587017e-05,0.1254786785159792,3.734631646000794e-05
2025-10-03T00:00:00.000Z,0.0389964074680679,3.887785836316956e-05,0.1241830507559435,6.997266924978855e-05
2025-10-04T00:00:00.000Z,0.036947097061044,3.161725295458815e-05,0.127380342976678,8.56467417006137e-05
2025-10-05T00:00:00.000Z,0.0316365636073243,2.9694182774706168e-05,0.1296358835839089,-3.8834517113173206e-05
2025-10-06T00:00:00.000Z,0.0313629971196254,,0.1290012734631697,
2025-10-07T00:00:00.000Z,0.0294375508252916,1.4958659844090843e-05,0.1349095673788161,4.7106997243417936e-05
2025-10-08T00:00:00.000Z,0.0310835379994276,1.4564789710545614e-05,0.1340522054760229,7.090514643658978e-06
2025-10-09T00:00:00.000Z,0.0299165484412938,3.074799780647265e-05,0.1327834397199608,4.515088459724904e-05
2025-10-10T00:00:00.000Z,0.0313324052159015,3.392767586687807e-05,0.1303400794665018,2.2447747563415444e-05
2025-10-11T00:00:00.000Z,0.0348963578284349,3.266872377458813e-05,0.1221945650343384,4.636143936901741e-05
2025-10-12T00:00:00.000Z,0.0367826282357176,3.395655063459777e-05,0.1214108209879625,0.0004026642304130032
2025-10-13T00:00:00.000Z,0.0380722184020739,3.511903818911205e-05,0.1221477318377722,0.00014154861578606956
2025-10-14T00:00:00.000Z,0.0413729562083395,3.9845907828012494e-05,0.1231785884925297,0.000141635999972052
2025-10-15T00:00:00.000Z,0.0426172582853225,3.926917826815736e-05,0.1257607760351328,-3.341733834834789e-07
2025-10-16T00:00:00.000Z,0.0375402649598462,3.882049908757576e-05,0.121688845877846,0.00010081685292377752
2025-10-17T00:00:00.000Z,0.0380373489901875,2.9682422856629792e-05,0.1201817022547835,-4.1079280100304805e-05
2025-10-18T00:00:00.000Z,0.0353577912373598,3.095141043255959e-05,0.1229449246256124,9.375968119500266e-05
2025-10-19T00:00:00.000Z,0.0396620496584658,2.668750820638317e-05,0.1217271434586672,0.00015759925945314448
2025-10-20T00:00:00.000Z,0.0360990915058264,3.1299066779952444e-05,0.1231952350409258,8.487537906191955e-05
2025-10-21T00:00:00.000Z,0.0306356558317525,4.0119110378457534e-05,0.1244565447171529,3.296994875275535e-05
2025-10-22T00:00:00.000Z,0.0355312493832215,2.820596600507824e-05,0.1246289698673146,-2.69938711772695e-06
2025-10-23T00:00:00.000Z,0.0344668860314413,3.193178939736321e-05,0.1186397691212949,-1.2743183064111734e-05
2025-10-24T00:00:00.000Z,0.0352891410925778,3.077851039008584e-05,0.1186381276874315,-3.002032532267982e-05
2025-10-25T00:00:00.000Z,0.0379544962197542,4.500457385975529e-05,0.1193238777951115,6.170882573184957e-08
2025-10-26T00:00:00.000Z,0.038713339716196,4.03715354791313e-05,0.1179476212710142,2.4386864148644755e-05
2025-10-27T00:00:00.000Z,0.040644545039093,4.616516175052051e-05,0.1166218343589987,-4.898353433548307e-05
2025-10-28T00:00:00.000Z,0.0406444103767474,5.582309690258366e-05,0.1174264132444347,0.00013050041525816813
2025-10-29T00:00:00.000Z,0.0456214305013418,2.852044859277417e-05,0.1186094802050363,1.8470404722306525e-06
2025-10-30T00:00:00.000Z,0.0364732530149744,3.823870513640161e-05,0.1146225982478686,-9.117282371291712e-05
2025-10-31T00:00:00.000Z,0.0373871503015087,4.146771128771001e-05,0.1136288000714211,-1.5560646469718147e-05
2025-11-01T00:00:00.000Z,0.0446849946075907,3.68587790641565e-05,0.1140117349901369,-5.6235111525806825e-05
2025-11-02T00:00:00.000Z,0.0446087908195821,3.8933585745412746e-05,0.1140667153078885,8.20071697186601e-06
2025-11-03T00:00:00.000Z,0.0394664922003018,4.041599747021488e-05,0.1164917459800129,0.0001214359490404604
2025-11-04T00:00:00.000Z,0.0541610192311437,4.437830359295601e-05,0.12081649482605,-3.821473602991677e-05
2025-11-05T00:00:00.000Z,0.0361978166869708,3.587080865535037e-05,0.1291351109033539,-1.107848938664531e-05
2025-11-06T00:00:00.000Z,0.0337328205171685,4.472202882815119e-05,0.1318497985956214,0.00013295204102871052
2025-11-07T00:00:00.000Z,0.0344786896673311,5.030983724975071e-05,0.1337373952070872,-8.590574101877532e-05
2025-11-08T00:00:00.000Z,0.0307830649499709,3.705914624723456e-05,0.1356478086894466,0.0003337677626404912
2025-11-09T00:00:00.000Z,0.0333411187997886,3.73888445297087e-05,0.1283928450374376,-8.195129019094609e-05
2025-11-10T00:00:00.000Z,0.0356743182055652,4.809313748496823e-05,0.1274969943222545,6.419453450234869e-05
2025-11-11T00:00:00.000Z,0.0347475549696307,4.368908163260563e-05,0.128814429399513,7.14338730826317e-05
2025-11-12T00:00:00.000Z,0.0350597877055406,5.379231801530945e-05,0.1271283534311112,2.8581878799135055e-05
2025-11-13T00:00:00.000Z,0.0381006328389048,4.212618690265421e-05,0.1265180465720948,0.0033831760520115
2025-11-14T00:00:00.000Z,0.0386287834761398,3.601152437633053e-05,0.1248500151116223,-3.102306025192818e-06
2025-11-15T00:00:00.000Z,0.0372155812766515,4.490818342414319e-05,0.1222520120264518,0.0002085763914930708
2025-11-16T00:00:00.000Z,0.0423289863274821,5.28651552962228e-05,0.1154428795867023,0.00023734291716252863
2025-11-17T00:00:00.000Z,0.0437516214168933,5.766189284865201e-05,0.1129064199825127,0.00016267981941165912
2025-11-18T00:00:00.000Z,0.0453024538302863,3.844247010506695e-05,0.1128195961493821,-0.00013060528951990862
2025-11-19T00:00:00.000Z,0.0405852210242301,4.856765203190402e-05,0.1158328796958639,-9.247048382392332e-05
2025-11-20T00:00:00.000Z,0.0445017886161804,4.382980263731692e-05,0.1172876005016622,0.00011127838914554948
2025-11-21T00:00:00.000Z,0.0460366428290542,3.2022256499701707e-05,0.1250546272134497,0.00023632087422919583
2025-11-22T00:00:00.000Z,0.0456348678371945,5.483787611280734e-05,0.1226883831300905,0.00013539431352528806
2025-11-23T00:00:00.000Z,0.0462974779307842,4.955321816981138e-05,0.1213079860345238,0.00017716986268180248
2025-11-24T00:00:00.000Z,0.0420871837750861,4.393274273405994e-05,0.1192186755083856,0.0001926354446047352
2025-11-25T00:00:00.000Z,0.0406563882937743,3.834500310923821e-05,0.1202369945212489,1.677205740894091e-05
2025-11-26T00:00:00.000Z,0.0417133481463506,4.588801233954395e-05,0.114797814350043,0.00014897479174925097
2025-11-27T00:00:00.000Z,0.0349799343943595,3.786336674238555e-05,0.1137666666791552,0.00023057062628053935
2025-11-28T00:00:00.000Z,0.033222286998258,4.048804255164994e-05,0.1135750040411949,-1.87402933772232e-06
2025-11-29T00:00:00.000Z,0.0336600506589526,4.116093731725068e-05,0.1128006229797999,
2025-11-30T00:00:00.000Z,,2.241651745512522e-05,0.1132769451609679,-0.0001062742832194393
2025-12-01T00:00:00.000Z,0.036870387979807,4.416734834324286e-05,,
2025-12-02T00:00:00.000Z,0.0385291777869186,4.766483310786065e-05,0.1168330402246543,0.0001984144358424428
2025-12-03T00:00:00.000Z,0.0371744551230222,4.106392298992778e-05,0.1122161098534152,0.0003485860507366635
2025-12-04T00:00:00.000Z,0.0409018377939315,3.933798424917595e-05,0.119107957308491,0.0003952843056578916
2025-12-05T00:00:00.000Z,0.0392271510014931,4.523894481930516e-05,0.1182092225977352,0.0017140745922013
2025-12-06T00:00:00.000Z,0.0359098551174004,2.4789241704624027e-05,0.1123878223200639,0.0005184111396374647
2025-12-07T00:00:00.000Z,0.0356284786570579,3.270035469021033e-05,0.1233336697554304,0.0002353277364734584
2025-12-08T00:00:00.000Z,0.0358389620914271,2.6950851993963926e-05,0.1262468266345205,0.0001868854586096599
2025-12-09T00:00:00.000Z,0.0387882089073007,4.672137116098644e-05,0.1189807198409523,0.00014374627703329592
2025-12-10T00:00:00.000Z,,4.448076285933937e-05,0.1199831984759796,
2025-12-11T00:00:00.000Z,0.0396400039039907,3.505639124124995e-05,0.1199927965977362,0.0001764506979552174
2025-12-12T00:00:00.000Z,0.0422496886125632,4.0264844940907096e-05,0.1198170956756387,5.813071277486021e-05
2025-12-13T00:00:00.000Z,,,0.1224605496085825,-0.0002666736231185496
2025-12-14T00:00:00.000Z,,6.486434908654745e-05,0.131834854327497,-0.00010442761016416956
2025-12-15T00:00:00.000Z,0.0333812039877687,3.103998187725665e-05,0.1324379470731531,
2025-12-16T00:00:00.000Z,0.0404891312982027,6.470764327830347e-05,0.1177953014238959,-0.00034251369138170657
2025-12-17T00:00:00.000Z,0.0405360985961225,5.088352450651915e-05,0.1130106473962466,3.0153613322237928e-05
2025-12-18T00:00:00.000Z,,5.474274867618293e-05,0.1131159165608031,1.2501908846237104e-05
2025-12-19T00:00:00.000Z,0.0469182614769254,6.308114643616136e-05,0.111035822580258,-1.925900869537145e-06
2025-12-20T00:00:00.000Z,,,0.115426977209392,
2025-12-21T00:00:00.000Z,0.0374751958709496,,0.1215673234491121,4.94666570678722e-05
2025-12-22T00:00:00.000Z,0.0394772484658225,3.0948431560047656e-05,0.1239347347014007,-0.00011805562635191115
2025-12-23T00:00:00.000Z,0.0340894317214793,2.2907585934225e-05,0.1262960186494248,-1.2506508765243647e-05
2025-12-24T00:00:00.000Z,0.0346012786030769,3.783128810092811e-05,0.1241987986224038,7.208064037572945e-05
2025-12-25T00:00:00.000Z,0.0364102836212386,3.5517580073474164e-05,0.1287078291532539,0.0002315522971529342
2025-12-26T00:00:00.000Z,0.0386244931834794,3.653792395025015e-05,0.1312592900579884,
2025-12-27T00:00:00.000Z,0.0343364384025335,5.52330828983171e-05,0.1210483636352278,-3.8373496421184894e-05
2025-12-28T00:00:00.000Z,0.0395951999626198,5.270747159728843e-05,0.1246632804118451,-8.201807416531496e-05
2025-12-29T00:00:00.000Z,0.0398915681850027,7.499021558032837e-05,0.1381741994548411,0.0002548169015082405
2025-12-30T00:00:00.000Z,0.0409820024401713,4.984734234470955e-05,0.1284687519073486,-6.087717076475312e-05
2025-12-31T00:00:00.000Z,,,0.1284189791906447,
2026-01-01T00:00:00.000Z,0.0392804774973127,,0.1297602632216044,-5.04797699250048e-05
2026-01-02T00:00:00.000Z,0.0381439806191952,5.277851024792264e-05,0.1288486587859335,0.00010947817664384922
2026-01-03T00:00:00.000Z,0.0346192717552185,,0.1282054255051272,
2026-01-04T00:00:00.000Z,0.0376098363349835,,0.1227031474312146,-5.733431680710055e-05
2026-01-05T00:00:00.000Z,0.0366086899463472,,0.1309965377052625,-3.547702046647749e-06
2026-01-06T00:00:00.000Z,0.0359741512774711,3.9056951881981176e-05,0.1377844693405287,6.225463234508557e-05
2026-01-07T00:00:00.000Z,0.0355584996498443,2.698706053446845e-05,0.1338118250880922,-5.664043680250567e-05
2026-01-08T00:00:00.000Z,0.0340765579729466,3.041221394336649e-05,0.1292837996567998,4.397248742480447e-05
2026-01-09T00:00:00.000Z,0.0362396216088974,4.478509455501418e-05,0.1272124568266528,-3.650325143531691e-05
2026-01-10T00:00:00.000Z,0.0374228468133231,3.1083797422756455e-05,0.1312601557444958,-2.2470489234188057e-05
2026-01-11T00:00:00.000Z,0.0418188962631109,4.9308920438306814e-05,0.1173695061533224,5.758265281959515e-05
2026-01-12T00:00:00.000Z,0.0397550210941071,,0.1198091953105869,
2026-01-13T00:00:00.000Z,0.0450026204188664,5.214032158807546e-05,0.1195298239056553,-0.0002066968892307417
2026-01-14T00:00:00.000Z,0.0392453356956442,,0.1136324894392774,
2026-01-15T00:00:00.000Z,0.0378488279169514,,0.1187837085730972,
2026-01-16T00:00:00.000Z,,,0.1272934282287245,
2026-01-17T00:00:00.000Z,,3.6187152437334935e-05,0.1464610974348726,1.7009007219063017e-05
2026-01-18T00:00:00.000Z,0.0365590214570786,3.387925977720096e-05,0.1447663598117374,3.299080279768012e-05
2026-01-19T00:00:00.000Z,0.0367682350772446,2.792717457230272e-05,0.1335559920186088,-6.944277466962896e-06
2026-01-20T00:00:00.000Z,0.035142385509125,3.451240607297396e-05,0.1335381542642911,5.07676099589714e-05
2026-01-21T00:00:00.000Z,0.0376751072704792,3.405714583745326e-05,0.1308429388418084,-2.1744178368299755e-05
2026-01-22T00:00:00.000Z,,,0.1355697276691595,
2026-01-23T00:00:00.000Z,0.0327903900295496,,0.1670629566624051,
2026-01-24T00:00:00.000Z,0.0383032906721247,1.5029037833918274e-05,0.1525854269663492,0.0001335815991729933
2026-01-25T00:00:00.000Z,0.0335660222917795,2.085830493028663e-05,0.150996402260803,0.00029003730678921
2026-01-26T00:00:00.000Z,,,0.1376845751489911,
2026-01-27T00:00:00.000Z,,,0.1631159079926354,
2026-01-28T00:00:00.000Z,0.0347349148036705,1.778723900529366e-05,,
2026-01-29T00:00:00.000Z,0.0351419124663585,3.760581118751274e-05,0.150369446902048,-3.157302666880112e-05
2026-01-30T00:00:00.000Z,0.0339011761049429,3.5632934685952335e-05,0.1479461849445388,4.042365854469868e-05
2026-01-31T00:00:00.000Z,,4.855750477872789e-05,0.1471331607372988,8.257849488776021e-05
2026-02-01T00:00:00.000Z,0.0383244405190149,,0.1501260390948681,-9.969328918183844e-05
2026-02-02T00:00:00.000Z,,,0.1391928545421078,0.00037247141590341927
2026-02-03T00:00:00.000Z,0.0414571968936606,3.77801048411389e-05,0.138621622962611,6.50002652337532e-05
2026-02-04T00:00:00.000Z,0.0307006936084914,3.317110970274804e-05,0.1320463715209847,-1.0626323300822972e-05
2026-02-05T00:00:00.000Z,0.0314226751215755,3.49175415235352e-05,0.1371983483078934,-0.00014399216934180004
2026-02-06T00:00:00.000Z,0.0350843836553394,3.075811686617921e-05,0.1335627779009796,-0.0001181621154544354
2026-02-07T00:00:00.000Z,0.031417729198394,3.686528065199604e-05,0.141067961674361,0.00018138406838781
2026-02-08T00:00:00.000Z,,3.815733099372664e-05,0.1310692058787459,2.02783323332439e-05
2026-02-09T00:00:00.000Z,0.0331773983145302,5.15395830629323e-05,0.1310262202861763,-3.93102492102357e-05
2026-02-10T00:00:00.000Z,0.0340167020672354,3.092216866207309e-05,0.1350339863981519,-0.00013925966171276136
2026-02-11T00:00:00.000Z,0.037124348571524,3.4276267570021446e-05,0.1425732014079888,-5.841672235701048e-05
2026-02-12T00:00:00.000Z,0.0344210280248752,3.752565041958449e-05,0.1354756298519316,0.0003703445959520953
2026-02-13T00:00:00.000Z,0.0365020853932946,3.3637316900716365e-05,0.1394849756643885,-0.00012083887766796882
2026-02-14T00:00:00.000Z,0.0375994575929038,5.471490068709708e-05,0.1502732262015342,-0.00015577040973030742
2026-02-15T00:00:00.000Z,0.0375000450035764,4.461016669665696e-05,0.1428135825054986,4.331830155836412e-05
2026-02-16T00:00:00.000Z,0.0409433306194841,4.715606377835179e-05,0.1385918099965368,-1.4946407082745628e-05
2026-02-17T00:00:00.000Z,,5.157572254574916e-05,0.1446304858795234,-0.00012257932833633207
2026-02-18T00:00:00.000Z,0.0359408757894446,4.351776494461644e-05,0.1440922137172449,-6.269941915348909e-05
2026-02-19T00:00:00.000Z,0.0385090507833021,3.836758789821899e-05,0.1353752629033156,5.685267787417355e-05
2026-02-20T00:00:00.000Z,0.0377582080351809,3.811689189855575e-05,0.1347022076093015,-7.340604707906095e-05
2026-02-21T00:00:00.000Z,0.0384070177142526,4.0179983421867726e-05,0.1345091714035897,-3.166135937655261e-05
2026-02-22T00:00:00.000Z,0.0452946455831207,3.534563088245838e-05,0.1351317993941761,-0.0001731336017146965
2026-02-23T00:00:00.000Z,0.0405583235967372,3.568368388836721e-05,0.129426246065469,-1.0185725029389556e-05
2026-02-24T00:00:00.000Z,0.0447221915035144,3.6496941599277e-05,0.1232910378880444,9.746349388976905e-05
2026-02-25T00:00:00.000Z,0.0454970669340003,4.416115825733869e-05,0.1238445220958618,7.704720917986596e-05
2026-02-26T00:00:00.000Z,0.0402905543334782,3.241918598394564e-05,0.1244123289805083,-3.179961591047773e-05
2026-02-27T00:00:00.000Z,0.0390450296302636,2.2471024839219747e-05,0.1293482558713072,4.816313218638936e-05
2026-02-28T00:00:00.000Z,0.0337347593759336,1.6249834472892827e-05,0.1307688610894339,3.906584778707021e-05
2026-03-01T00:00:00.000Z,0.0326750525212907,2.78206269372493e-05,0.1338063670056206,2.0960329948815387e-05
2026-03-02T00:00:00.000Z,0.0351752953329047,4.684267576039819e-05,0.1277753228232974,7.344518110130593e-05
2026-03-03T00:00:00.000Z,0.0340534702620723,4.525620202652395e-05,0.1285058871975966,5.815405554680334e-05
2026-03-04T00:00:00.000Z,0.0412191584268037,2.800961928663864e-05,0.1256530189975386,8.136504219518905e-05
2026-03-05T00:00:00.000Z,0.0416291151639251,3.245061924687997e-05,0.1267987078144437,-0.0001256398443815886
2026-03-06T00:00:00.000Z,0.042061995980995,2.2089716410499976e-05,0.1305777682434944,1.6096832490845936e-05
2026-03-07T00:00:00.000Z,0.0484070479869842,3.179684699716745e-05,0.1286173335143498,9.11987786764712e-05
2026-03-08T00:00:00.000Z,0.035892721346539,2.6888377262713176e-05,0.1298214993661358,0.00015681021904713686
2026-03-09T00:00:00.000Z,0.0331401026674679,1.8805747376720523e-05,0.1325958454537959,3.136186338645094e-05
2026-03-10T00:00:00.000Z,0.0401310212910175,,0.1235260782497269,0.0001230600666472568
2026-03-11T00:00:00.000Z,,,0.1272500120103359,
2026-03-12T00:00:00.000Z,0.0328357681820664,1.3920874634788474e-05,0.1323315788592611,5.228996009766176e-05
2026-03-13T00:00:00.000Z,0.0306523229588161,1.570576911344038e-05,0.1401113504100413,4.343105157086517e-05
2026-03-14T00:00:00.000Z,0.031753197486978,1.539106412671404e-05,0.1355709437103498,1.844404497812017e-05
2026-03-15T00:00:00.000Z,,,0.1495507002941199,
2026-03-16T00:00:00.000Z,0.0278333433332943,-1.3587672827536771e-06,0.1604729699237006,-0.00022750394999001037
2026-03-17T00:00:00.000Z,0.0331735845788249,3.3068142627712405e-06,0.1518629539225782,6.594851464407319e-05
2026-03-18T00:00:00.000Z,,,0.1512878189484278,
2026-03-19T00:00:00.000Z,,,0.1471819139662243,
2026-03-20T00:00:00.000Z,0.0313260166329287,1.99316602510376e-05,0.1565418133423441,-6.4996849703741e-06
2026-03-21T00:00:00.000Z,,2.645122290582199e-05,0.1341695650702431,0.000447774920030497
2026-03-22T00:00:00.000Z,0.0349683717314927,2.420794704622018e-05,0.1315816589409396,-1.0747918947475097e-05
2026-03-23T00:00:00.000Z,0.0352392392723183,2.363438623086993e-05,0.1397435253574734,-2.822499784217923e-05
2026-03-24T00:00:00.000Z,0.0358899230955214,3.379772750208975e-05,0.1304688389812197,3.4029131884814155e-05
2026-03-25T00:00:00.000Z,0.0340204962083826,2.56603543584788e-05,0.1298235246822947,0.00010051419849332888
2026-03-26T00:00:00.000Z,,,0.1426555812358856,
2026-03-27T00:00:00.000Z,0.0318328611066807,4.0868259929993656e-05,0.1522128408153852,5.230738590745161e-05
2026-03-28T00:00:00.000Z,0.0349368748108023,3.887098653328447e-05,0.1314315079223542,-7.488922123229714e-05
2026-03-29T00:00:00.000Z,0.0309634587494656,2.759614684626805e-05,0.1325076814918291,2.9114847848177305e-05
2026-03-30T00:00:00.000Z,0.0346915086336208,4.134825496080071e-05,0.1347345527084101,9.541063010536685e-05
2026-03-31T00:00:00.000Z,0.0343482699245214,2.378894264025307e-05,0.1444252046446005,-1.712184018742846e-05
2026-04-01T00:00:00.000Z,0.0265594217926263,2.010844467089815e-05,0.144090721649783,-8.435251928810766e-06
2026-04-02T00:00:00.000Z,0.0323853728784756,4.814541463212773e-05,0.1379460369547208,0.0002005593251816698
2026-04-03T00:00:00.000Z,0.0273426238447427,,0.1484400571456977,0.00016566781899503744
2026-04-04T00:00:00.000Z,0.0279348726923528,2.016490277098649e-05,0.1556113417304697,3.2437785711812874e-05
2026-04-05T00:00:00.000Z,0.0340746392030268,2.712844968213869e-05,0.1487833320030144,7.980851400394126e-05
2026-04-06T00:00:00.000Z,0.0330465607069156,1.911562792348117e-05,0.1420603422891526,-0.00017535102235688966
2026-04-07T00:00:00.000Z,,,0.1424557893049149,
2026-04-08T00:00:00.000Z,0.0304153511845847,2.781904258443385e-05,0.149446020523707,-8.641183413666502e-05
2026-04-09T00:00:00.000Z,0.030728221760087,2.3328583019207715e-05,0.1431010904766264,-9.27677960178352e-05
2026-04-10T00:00:00.000Z,0.031740410976223,2.9056609210307388e-05,0.1344341078684443,2.0273377783399023e-05
2026-04-11T00:00:00.000Z,0.0354259183377395,3.319335422480884e-05,0.1404887930977912,-0.0001157198989641897
2026-04-12T00:00:00.000Z,0.0312464456564109,3.307556278828304e-05,0.1414217304970537,1.2489610851064625e-05
2026-04-13T00:00:00.000Z,0.0346603396783272,2.8031499390462637e-05,0.1380980268475555,4.1427279013208006e-05
2026-04-14T00:00:00.000Z,0.0333495956756884,3.535633507973606e-05,0.1391050881218342,-4.739385111850511e-05
2026-04-15T00:00:00.000Z,0.0323102355185078,2.522704734937114e-05,0.1334419589312303,1.7250390185841708e-05
2026-04-16T00:00:00.000Z,0.0363885491465528,2.920510845190923e-05,0.1313746122732049,-6.583137651649027e-05
2026-04-17T00:00:00.000Z,,,0.1378418148628303,
2026-04-18T00:00:00.000Z,0.0346127120351575,2.6093894316874363e-05,0.1396712238589922,-2.9608751858523603e-05
2026-04-19T00:00:00.000Z,0.0317272988059336,2.609230712484377e-05,0.1493432324911867,2.125734611235246e-05
2026-04-20T00:00:00.000Z,0.0294978438876569,2.7660417273230115e-05,0.1458630991123971,3.51634886607842e-05
2026-04-21T00:00:00.000Z,0.034508676530841,3.521859695779096e-05,0.1431083067187241,-3.483569745250341e-05
2026-04-22T00:00:00.000Z,0.0366207697827901,3.6024775735789995e-05,0.1375232283912953,-6.302736849084751e-05
2026-04-23T00:00:00.000Z,0.0425055859467157,2.6398139577092177e-05,0.1318391586343447,-2.1805571680574972e-05
2026-04-24T00:00:00.000Z,0.0328681097986797,3.1280927000157786e-05,0.1335661326135908,4.422088142876289e-05
2026-04-25T00:00:00.000Z,0.0302240421928196,2.863767409031598e-05,0.133145884388969,5.210758186592811e-05
2026-04-26T00:00:00.000Z,0.0330838945561221,3.4566207540635896e-05,0.136871538346722,3.082281915296681e-05
2026-04-27T00:00:00.000Z,,,0.1352022994487058,0.0005124991779060414
2026-04-28T00:00:00.000Z,0.0324592831833609,4.67340693527755e-05,0.1360783044781003,9.926321716713054e-05
2026-04-29T00:00:00.000Z,0.0338831761452768,3.361759668439932e-05,0.140855050157933,4.957408475006343e-06
2026-04-30T00:00:00.000Z,0.0352194978234668,5.412732540814128e-05,0.1366738549300602,6.131154817369731e-05
2026-05-01T00:00:00.000Z,0.0390633912313552,5.99643095223915e-05,0.1329641769684496,-2.9310498667828576e-05
2026-05-02T00:00:00.000Z,0.0402128729375376,5.52530304741508e-05,0.1323041091007845,-8.791646130356683e-05
2026-05-03T00:00:00.000Z,0.0351696121647502,4.537041240837425e-05,0.1368896173579352,-2.2245874669395216e-05
2026-05-04T00:00:00.000Z,0.0354897785517904,,0.1485542697565896,7.835517862986308e-06
2026-05-05T00:00:00.000Z,0.0362075272548411,4.82032588652579e-05,0.1419376587229115,1.5097348231003188e-05
2026-05-06T00:00:00.000Z,0.0369937796341745,5.6895019735661446e-05,0.1430563259692419,-1.792307987595147e-05
2026-05-07T00:00:00.000Z,0.0432152479695968,4.795141311270917e-05,0.1408538287948994,5.766481654929868e-07
2026-05-08T00:00:00.000Z,0.0424238014500588,,0.1384816909474986,5.7369568773873125e-05
2026-05-09T00:00:00.000Z,0.0621928385458886,8.256092669831734e-05,0.1338947273436047,6.581976749874316e-05
2026-05-10T00:00:00.000Z,0.0621024643788572,6.738250863236317e-05,0.1325515189341136,7.76257254809734e-05
2026-05-11T00:00:00.000Z,0.0356453899894991,2.8182633308287698e-05,0.134433599455016,1.0240462480786456e-05
2026-05-12T00:00:00.000Z,0.0372408723458647,3.1873508493751206e-05,0.1362664958550816,2.348322705740163e-05
2026-05-13T00:00:00.000Z,0.0450187974462383,4.313411303276856e-05,0.139264488858836,-0.000123624933134384
2026-05-14T00:00:00.000Z,0.0372178331017494,3.690740923047997e-05,0.1406594951237951,0.00022770551950088703
2026-05-15T00:00:00.000Z,0.038379503162326,3.601534195435566e-05,0.1412951430039746,-4.97415441679573e-05
2026-05-16T00:00:00.000Z,0.0362977963827905,5.424351430909675e-05,0.139651335066273,5.518509323922315e-05
2026-05-17T00:00:00.000Z,0.0360323407474052,4.475598931700612e-05,0.1363380583269255,-6.173561611094989e-05
2026-05-18T00:00:00.000Z,0.0383786466268319,4.055627362374382e-05,0.1365684897062324,5.968206538195123e-05
2026-05-19T00:00:00.000Z,0.035235621035099,4.55915813377249e-05,0.136967587683882,9.073226933001674e-05
2026-05-20T00:00:00.000Z,0.0357543977775744,4.964677080871687e-05,0.1347653596174149,4.1134549140527575e-05
2026-05-21T00:00:00.000Z,0.0326721307688525,2.4057629992685613e-05,0.1359091472058069,9.144484935217992e-05
2026-05-22T00:00:00.000Z,0.0313550235203853,3.747134559532805e-05,0.1341241323167369,-5.308044293477516e-05
2026-05-23T00:00:00.000Z,0.0333587495700978,3.2854409082141325e-05,0.139450137813886,2.925144599430496e-06
2026-05-24T00:00:00.000Z,0.032947449684143,2.6071772759274205e-05,0.1397076069953896,3.220463060739034e-05
2026-05-25T00:00:00.000Z,0.0349309732456032,4.906799210414635e-05,0.1402377197075457,7.336054928870269e-05
2026-05-26T00:00:00.000Z,0.0319852402123312,5.572557503390792e-05,0.135559365685497,7.670958033096603e-06
2026-05-27T00:00:00.000Z,0.0306315683978207,3.783485841441212e-05,0.1332685805502392,5.701596621152237e-05
2026-05-28T00:00:00.000Z,0.031863659620285,,0.1378378197550773,3.387815013411455e-05
2026-05-29T00:00:00.000Z,0.0404556985587289,5.880477307246543e-05,0.1411361896565982,4.3024309780732784e-05
2026-05-30T00:00:00.000Z,0.0372778485253663,5.231780162375799e-05,0.1367111663733209,-0.00011838022392328726
2026-05-31T00:00:00.000Z,0.0395507659349176,4.653257898705002e-05,0.1354611579860959,-8.633732686040971e-05
2026-06-01T00:00:00.000Z,0.0399018356665259,4.9565733856330295e-05,0.1355430632829666,-9.68448436077822e-06
2026-06-02T00:00:00.000Z,0.0437627302528154,4.9995434675933903e-05,0.1346824779396965,0.00011488258449043358
2026-06-03T00:00:00.000Z,0.0356194690537096,4.516409327542144e-05,0.1329304879265172,-2.115906964526121e-05
2026-06-04T00:00:00.000Z,,,0.1347494654002644,
2026-06-05T00:00:00.000Z,0.0315050634741783,4.787176775218021e-05,0.1392035746858233,1.0685832554221028e-05
2026-06-06T00:00:00.000Z,0.035838670008594,6.007473313643242e-05,0.1364554369023868,4.319292575668702e-05
2026-06-07T00:00:00.000Z,0.0344762821637448,5.6148436323426376e-05,0.136051500127429,-2.8664807126958858e-05
2026-06-08T00:00:00.000Z,0.0383172014468832,5.1234960362004735e-05,0.134265917929865,-4.86736119244467e-05
2026-06-09T00:00:00.000Z,0.0416675187647342,5.097477961022551e-05,0.1359757232878889,8.002981816649221e-05
2026-06-10T00:00:00.000Z,0.0402385564077468,5.134579935526874e-05,0.1336869473258654,-6.883226368310196e-06
2026-06-11T00:00:00.000Z,0.041684718893432,7.762784540924865e-05,0.1373595487148989,0.00010283422863094096
2026-06-12T00:00:00.000Z,0.0316209421448764,5.171550570334408e-05,0.1388004839065529,1.0589250449367596e-05
2026-06-13T00:00:00.000Z,0.0342639853608691,3.5522292932910204e-05,0.1375620521250225,-4.374982419081689e-06
2026-06-14T00:00:00.000Z,0.0366718637255521,4.1416171847058215e-05,0.1390305571258068,-5.190494513434325e-06
2026-06-15T00:00:00.000Z,0.0398033687746838,6.485036938101985e-05,0.1355665226777394,0.00021243372627378568
2026-06-16T00:00:00.000Z,0.0421225186437368,3.015988022525562e-05,0.1324097240964571,-0.00013762035572047657
2026-06-17T00:00:00.000Z,0.0367371025716974,6.11522629177281e-05,0.1348150723746844,-1.3819097581801998e-05
2026-06-18T00:00:00.000Z,0.0366848047734016,6.022614760728306e-05,0.1354684732144787,5.821534123461755e-05
2026-06-19T00:00:00.000Z,0.033104371279478,,0.1334816627204418,-9.393219806952402e-05
2026-06-20T00:00:00.000Z,0.0317528937011957,4.616832185482573e-05,0.1355269278089205,7.018523254893287e-06
2026-06-21T00:00:00.000Z,0.0328506615299444,4.6486452379213e-05,0.1353848177407469,-2.0641991631489064e-06
2026-06-22T00:00:00.000Z,0.0356689676465023,5.370491236958298e-05,0.1368272146653561,-1.367364070791241e-05
2026-06-23T00:00:00.000Z,0.0355949161485547,5.6062266724308885e-05,0.134190895372913,2.515086399598875e-05
2026-06-24T00:00:00.000Z,0.0390731776012228,4.166150115452183e-05,0.1330522517008441,-4.160745155396788e-06
2026-06-25T00:00:00.000Z,0.0423820231642041,2.477902007448441e-05,0.1309320369646662,-7.788597028896523e-05
2026-06-26T00:00:00.000Z,0.0361745728422766,3.9695640073963055e-05,0.1330140460105169,-4.963770796469665e-06
2026-06-27T00:00:00.000Z,0.0371260323967689,4.763824346723379e-05,0.1341902335130033,6.239845718000869e-05
2026-06-28T00:00:00.000Z,0.0379653442651033,4.747029855761433e-05,0.1329710951873234,0.00011648814904945193
2026-06-29T00:00:00.000Z,0.0415280839232237,4.94899967047268e-05,0.1326424037771565,8.15787881190016e-05
2026-06-30T00:00:00.000Z,0.0470860839625935,4.210574650327836e-05,0.1345594773689905,0.00011473513020410748
2026-07-01T00:00:00.000Z,0.0355162321060311,5.057709313405212e-05,0.1339156154010977,3.968681816406054e-05
2026-07-02T00:00:00.000Z,0.0369096196123531,4.263268734283895e-05,0.1358994919629324,2.6319587651947008e-05
2026-07-03T00:00:00.000Z,0.0372219085693359,4.895272054868242e-05,0.1382764201788675,7.486070757473888e-05
2026-07-04T00:00:00.000Z,0.0400910930087169,4.240511210925419e-05,0.1383746823384648,0.00011074139851876768
2026-07-05T00:00:00.000Z,0.0425135368673965,4.609731473939736e-05,0.1349079195587408,5.87770156559802e-05
2026-07-06T00:00:00.000Z,0.0397793970663439,4.1460653933643786e-05,0.1328298570144744,-3.3901201840351513e-05
2026-07-07T00:00:00.000Z,0.0405364400350753,4.3087174422648135e-05,0.1324773448563757,7.022881659611899e-05
2026-07-08T00:00:00.000Z,0.0406357808969914,4.120839294046164e-05,0.1334887758961745,-2.2630167321832203e-05
2026-07-09T00:00:00.000Z,0.0385083955640976,5.806034236426847e-05,0.1341491877323105,5.400649321191373e-06
2026-07-10T00:00:00.000Z,0.0390542603017371,4.285073641984214e-05,0.1367289195103304,-1.4795275116544612e-05
2026-07-11T00:00:00.000Z,0.0376460510103598,3.740419586546536e-05,0.1343254839025792,5.555780617647716e-05
2026-07-12T00:00:00.000Z,,,0.1304201570649941,
2026-07-13T00:00:00.000Z,,5.714772232749965e-05,0.133112067445403,-7.17426662103047e-05
2026-07-14T00:00:00.000Z,0.0384172014892101,5.626677427374359e-05,0.1353814055522283,2.8477344123471525e-05
2026-07-15T00:00:00.000Z,0.0372267984119909,4.3233901509886366e-05,0.1342711212734381,-2.623236186932504e-06
2026-07-16T00:00:00.000Z,0.0408728795058756,3.653127728908907e-05,0.1324044861609027,-6.114060698144362e-05
2026-07-17T00:00:00.000Z,0.0392325819425639,2.9689876100746915e-05,0.1311213427356311,2.0423960583085734e-05
2026-07-18T00:00:00.000Z,0.0457504702413954,3.098014536817573e-05,0.1265034811305148,9.012016258259471e-06
2026-07-19T00:00:00.000Z,0.0384901398792862,3.3717854031627735e-05,0.1269865548681645,-3.850749283931994e-05
2026-07-20T00:00:00.000Z,,,0.128697567220245,
2026-07-21T00:00:00.000Z,,,0.1270891128196603,
2026-07-22T00:00:00.000Z,,,0.129361624696425,
2026-07-23T00:00:00.000Z,0.0357348046132496,,0.1334577202796936,-0.0002775577813736163
2026-07-24T00:00:00.000Z,0.0346380583941936,2.552640805030629e-05,0.1309731535258747,-1.3123564634764174e-05
2026-07-25T00:00:00.000Z,,,0.129618431131045,
2026-07-26T00:00:00.000Z,0.0369299090363913,2.4844654858281413e-05,0.1290245458838485,3.360388127692291e-05
2026-07-27T00:00:00.000Z,0.0366688141788261,2.7791529494910112e-05,0.130500696954273,4.066174602441952e-06
2026-07-28T00:00:00.000Z,0.0405920651374441,3.547024442179298e-05,0.1319418003161748,-3.625395901679723e-05
2026-07-29T00:00:00.000Z,0.0378112784690327,3.626300394898863e-05,0.1316102329818975,-8.842472136620927e-05
2026-07-30T00:00:00.000Z,0.0381947583297178,2.61474236575178e-05,0.1327971429342315,-3.378050361686103e-05
2026-07-31T00:00:00.000Z,,,0.1313157484290145,-3.615693519047151e-05
2026-08-01T00:00:00.000Z,0.0383926606737077,2.0844662440839995e-05,0.1299709819612048,6.345936838854305e-05
2026-08-02T00:00:00.000Z,0.0321667371938626,2.412064688022448e-05,0.1344402670150711,-1.293249960369957e-06
2026-08-03T00:00:00.000Z,,,0.1294167699913183,
2026-08-04T00:00:00.000Z,0.0386020851631959,3.7662427294654425e-05,0.1335341786699635,-5.510124797156312e-06
2026-08-05T00:00:00.000Z,0.0402526536358977,3.439630767215498e-05,0.1348570203852085,2.284308878470993e-05
2026-08-06T00:00:00.000Z,0.0389354475613298,3.294206839814546e-05,0.1332106366753578,7.954412255425527e-05
2026-08-07T00:00:00.000Z,0.0383479426215801,2.981062916979569e-05,0.1321689690507593,6.255101116272644e-05
2026-08-08T00:00:00.000Z,0.0356960500124841,1.892530570200636e-05,0.130389416146846,5.932934646266772e-05
2026-08-09T00:00:00.000Z,,1.7177851889625473e-05,0.1297308036259242,-1.9718701012260725e-05
2026-08-10T00:00:00.000Z,0.0366327790782237,2.94457716206255e-05,0.1303989206041608,2.891248943228675e-05
2026-08-11T00:00:00.000Z,0.0436712169236895,,0.1274325375755628,
2026-08-12T00:00:00.000Z,0.0431354381144046,3.843592141839465e-05,0.1286207788756915,2.7507464091329547e-05
2026-08-13T00:00:00.000Z,0.0398148698732256,2.429824635819878e-05,0.1276446776021094,7.832492287598197e-06
2026-08-14T00:00:00.000Z,,,0.1271938970755963,
2026-08-15T00:00:00.000Z,0.0385863812497028,3.324011892064369e-05,0.128359650572141,5.195902390585703e-05
2026-08-16T00:00:00.000Z,0.0358652684551018,2.6588590626055347e-05,0.1311918126330489,3.918550516703233e-06
2026-08-17T00:00:00.000Z,0.0400799810886383,3.647393853444716e-05,0.1313054740783714,-1.556720987883593e-05
2026-08-18T00:00:00.000Z,0.0377633825376413,2.8066220310345097e-05,0.1317385800537608,1.3415450454189129e-06
2026-08-19T00:00:00.000Z,0.040685452392389,,0.1280019854505857,0.00024277603370137515
2026-08-20T00:00:00.000Z,,,0.1285631690351736,-3.140497634982845e-05
2026-08-21T00:00:00.000Z,0.0378566930213799,3.0177781809470616e-05,0.127374912922581,-5.330347271915849e-06
2026-08-22T00:00:00.000Z,0.0371110720317,2.7311624442415744e-05,0.1317405714875175,-2.6515418572411624e-05
2026-08-23T00:00:00.000Z,,3.9175844091611606e-05,0.1308646345777171,4.2706070619233504e-05
