date,feature_index,CO
2026-02-04T00:00:00.000Z,0,0.030700693608491453
2026-02-05T00:00:00.000Z,0,0.031422675121575594
2026-02-11T00:00:00.000Z,0,0.037124348571524024
2026-02-06T00:00:00.000Z,0,0.03508438365533948
2026-02-09T00:00:00.000Z,0,0.0331773983145302
2026-02-07T00:00:00.000Z,0,0.03141772919839405
2026-02-08T00:00:00.000Z,0,
2026-02-10T00:00:00.000Z,0,0.03401670206723542
2026-06-03T00:00:00.000Z,0,0.03561946905370968
2026-05-29T00:00:00.000Z,0,0.04045569855872899
2026-06-02T00:00:00.000Z,0,0.043762730252815456
2026-06-01T00:00:00.000Z,0,0.03990183566652593
2026-05-30T00:00:00.000Z,0,0.037277848525366315
2026-05-28T00:00:00.000Z,0,0.031863659620285034
2026-05-27T00:00:00.000Z,0,0.030631568397820733
2026-05-31T00:00:00.000Z,0,0.03955076593491766
2025-11-30T00:00:00.000Z,0,
2025-11-26T00:00:00.000Z,0,0.04171334814635061
2025-11-25T00:00:00.000Z,0,0.040656388293774354
2025-11-28T00:00:00.000Z,0,0.03322228699825801
2025-11-29T00:00:00.000Z,0,0.033660050658952625
2025-12-01T00:00:00.000Z,0,0.036870387979807
2025-11-27T00:00:00.000Z,0,0.03497993439435959
2025-11-24T00:00:00.000Z,0,0.042087183775086155
2026-02-25T00:00:00.000Z,0,0.04549706693400036
2026-02-23T00:00:00.000Z,0,0.040558323596737215
2026-02-24T00:00:00.000Z,0,0.04472219150351441
2026-02-26T00:00:00.000Z,0,0.04029055433347821
2026-02-22T00:00:00.000Z,0,0.04529464558312079
2026-02-21T00:00:00.000Z,0,0.03840701771425266
2026-02-20T00:00:00.000Z,0,0.037758208035180964
2026-02-27T00:00:00.000Z,0,0.03904502963026365
2025-09-08T00:00:00.000Z,0,0.03388092994238391
2025-09-10T00:00:00.000Z,0,0.03485112725978806
2025-09-12T00:00:00.000Z,0,0.03754465850070119
2025-09-11T00:00:00.000Z,0,0.038380098573508714
2025-09-06T00:00:00.000Z,0,0.03273520996240345
2025-09-07T00:00:00.000Z,0,
2025-09-09T00:00:00.000Z,0,0.037878852958480515
2025-09-05T00:00:00.000Z,0,0.026384068906984547
2025-10-18T00:00:00.000Z,0,0.035357791237359826
2025-10-19T00:00:00.000Z,0,0.0396620496584658
2025-10-22T00:00:00.000Z,0,0.035531249383221504
2025-10-16T00:00:00.000Z,0,0.03754026495984623
2025-10-20T00:00:00.000Z,0,0.03609909150582641
2025-10-15T00:00:00.000Z,0,0.0426172582853225
2025-10-21T00:00:00.000Z,0,0.030635655831752553
2025-10-17T00:00:00.000Z,0,0.0380373489901875
2025-11-20T00:00:00.000Z,0,0.04450178861618042
2025-11-19T00:00:00.000Z,0,0.04058522102423012
2025-11-17T00:00:00.000Z,0,0.04375162141689335
2025-11-22T00:00:00.000Z,0,0.04563486783719454
2025-11-23T00:00:00.000Z,0,0.046297477930784224
2025-11-18T00:00:00.000Z,0,0.04530245383028631
2025-11-21T00:00:00.000Z,0,0.04603664282905428
2025-11-16T00:00:00.000Z,0,0.04232898632748217
2026-04-21T00:00:00.000Z,0,0.03450867653084107
2026-04-20T00:00:00.000Z,0,0.029497843887656926
2026-04-19T00:00:00.000Z,0,0.031727298805933626
2026-04-22T00:00:00.000Z,0,0.036620769782790115
2026-04-18T00:00:00.000Z,0,0.034612712035157596
2026-04-17T00:00:00.000Z,0,
2026-04-24T00:00:00.000Z,0,0.03286810979867975
2026-04-23T00:00:00.000Z,0,0.042505585946715795
2026-01-03T00:00:00.000Z,0,0.034619271755218506
2026-01-04T00:00:00.000Z,0,0.03760983633498351
2026-01-06T00:00:00.000Z,0,0.03597415127747115
2026-01-10T00:00:00.000Z,0,0.037422846813323134
2026-01-07T00:00:00.000Z,0,0.03555849964984439
2026-01-08T00:00:00.000Z,0,0.03407655797294668
2026-01-05T00:00:00.000Z,0,0.03660868994634727
2026-01-09T00:00:00.000Z,0,0.036239621608897495
2026-05-15T00:00:00.000Z,0,0.03837950316232604
2026-05-17T00:00:00.000Z,0,0.036032340747405245
2026-05-11T00:00:00.000Z,0,0.03564538998949912
2026-05-16T00:00:00.000Z,0,0.03629779638279052
2026-05-18T00:00:00.000Z,0,0.03837864662683199
2026-05-12T00:00:00.000Z,0,0.037240872345864776
2026-05-14T00:00:00.000Z,0,0.03721783310174942
2026-05-13T00:00:00.000Z,0,0.045018797446238365
2026-08-16T00:00:00.000Z,0,0.03586526845510189
2026-08-21T00:00:00.000Z,0,0.037856693021379985
2026-08-18T00:00:00.000Z,0,0.03776338253764139
2026-08-15T00:00:00.000Z,0,0.03858638124970289
2026-08-19T00:00:00.000Z,0,0.040685452392389035
2026-08-22T00:00:00.000Z,0,0.037111072031700096
2026-08-17T00:00:00.000Z,0,0.040079981088638306
2026-08-20T00:00:00.000Z,0,
2025-08-25T00:00:00.000Z,0,
2025-08-26T00:00:00.000Z,0,0.038033605299212715
2025-08-27T00:00:00.000Z,0,0.0319076624698937
2025-08-24T00:00:00.000Z,0,
2025-08-23T00:00:00.000Z,0,
2025-10-11T00:00:00.000Z,0,0.03489635782843491
2025-10-12T00:00:00.000Z,0,0.03678262823571762
2025-10-14T00:00:00.000Z,0,0.04137295620833955
2025-10-09T00:00:00.000Z,0,0.029916548441293874
2025-10-13T00:00:00.000Z,0,0.038072218402073935
2025-10-10T00:00:00.000Z,0,0.031332405215901575
2025-10-07T00:00:00.000Z,0,0.029437550825291668
2025-10-08T00:00:00.000Z,0,0.03108353799942768
2025-11-10T00:00:00.000Z,0,0.035674318205565214
2025-11-14T00:00:00.000Z,0,0.038628783476139815
2025-11-12T00:00:00.000Z,0,0.035059787705540656
2025-11-08T00:00:00.000Z,0,0.03078306494997098
2025-11-09T00:00:00.000Z,0,0.03334111879978861
2025-11-13T00:00:00.000Z,0,0.03810063283890486
2025-11-11T00:00:00.000Z,0,0.034747554969630744
2025-11-15T00:00:00.000Z,0,0.03721558127665159
2025-10-27T00:00:00.000Z,0,0.04064454503909305
2025-10-23T00:00:00.000Z,0,0.03446688603144139
2025-10-29T00:00:00.000Z,0,0.04562143050134182
2025-10-26T00:00:00.000Z,0,0.03871333971619606
2025-10-28T00:00:00.000Z,0,0.04064441037674745
2025-10-30T00:00:00.000Z,0,0.03647325301497448
2025-10-25T00:00:00.000Z,0,0.03795449621975422
2025-10-24T00:00:00.000Z,0,0.035289141092577886
2026-02-03T00:00:00.000Z,0,0.04145719689366065
2026-02-01T00:00:00.000Z,0,0.03832444051901499
2026-01-31T00:00:00.000Z,0,
2026-01-28T00:00:00.000Z,0,0.03473491480367051
2026-01-29T00:00:00.000Z,0,0.035141912466358574
2026-02-02T00:00:00.000Z,0,
2026-01-27T00:00:00.000Z,0,
2026-01-30T00:00:00.000Z,0,0.033901176104942955
2026-05-03T00:00:00.000Z,0,0.035169612164750244
2026-05-04T00:00:00.000Z,0,0.035489778551790446
2026-05-05T00:00:00.000Z,0,0.03620752725484116
2026-01-23T00:00:00.000Z,0,0.0327903900295496
2026-01-25T00:00:00.000Z,0,0.03356602229177952
2026-01-19T00:00:00.000Z,0,0.03676823507724465
2026-01-21T00:00:00.000Z,0,0.0376751072704792
2026-01-22T00:00:00.000Z,0,
2026-01-26T00:00:00.000Z,0,
2026-01-20T00:00:00.000Z,0,0.035142385509125025
2026-01-24T00:00:00.000Z,0,0.0383032906721247
2025-09-20T00:00:00.000Z,0,0.034860599519951005
2025-09-16T00:00:00.000Z,0,0.03576273290496884
2025-09-18T00:00:00.000Z,0,0.036083699939282315
2025-09-15T00:00:00.000Z,0,0.041603180269400276
2025-09-14T00:00:00.000Z,0,0.040377139459763255
2025-09-19T00:00:00.000Z,0,
2025-09-13T00:00:00.000Z,0,0.03690345555936035
2025-09-17T00:00:00.000Z,0,0.03790108917192334
2025-12-04T00:00:00.000Z,0,0.04090183779393157
2025-12-05T00:00:00.000Z,0,0.039227151001493134
2025-12-02T00:00:00.000Z,0,0.038529177786918674
2025-12-06T00:00:00.000Z,0,0.03590985511740049
2025-12-09T00:00:00.000Z,0,0.038788208907300774
2025-12-08T00:00:00.000Z,0,0.0358389620914271
2025-12-03T00:00:00.000Z,0,0.0371744551230222
2025-12-07T00:00:00.000Z,0,0.03562847865705795
2026-01-17T00:00:00.000Z,0,
2026-01-15T00:00:00.000Z,0,0.037848827916951405
2026-01-11T00:00:00.000Z,0,0.04181889626311093
2026-01-14T00:00:00.000Z,0,0.03924533569564422
2026-01-13T00:00:00.000Z,0,0.045002620418866476
2026-01-16T00:00:00.000Z,0,
2026-01-18T00:00:00.000Z,0,0.03655902145707861
2026-01-12T00:00:00.000Z,0,0.03975502109410716
2026-03-26T00:00:00.000Z,0,
2026-03-30T00:00:00.000Z,0,0.03469150863362081
2026-03-24T00:00:00.000Z,0,0.0358899230955214
2026-03-31T00:00:00.000Z,0,0.034348269924521446
2026-03-28T00:00:00.000Z,0,0.03493687481080231
2026-03-27T00:00:00.000Z,0,0.031832861106680786
2026-03-25T00:00:00.000Z,0,0.03402049620838269
2026-03-29T00:00:00.000Z,0,0.030963458749465645
2026-04-16T00:00:00.000Z,0,0.03638854914655288
2026-04-13T00:00:00.000Z,0,0.03466033967832724
2026-04-15T00:00:00.000Z,0,0.03231023551850784
2026-04-12T00:00:00.000Z,0,0.031246445656410958
2026-04-10T00:00:00.000Z,0,0.03174041097622309
2026-04-11T00:00:00.000Z,0,0.035425918337739545
2026-04-09T00:00:00.000Z,0,0.03072822176008707
2026-04-14T00:00:00.000Z,0,0.03334959567568842
2026-06-13T00:00:00.000Z,0,0.0342639853608691
2026-06-16T00:00:00.000Z,0,0.04212251864373684
2026-06-15T00:00:00.000Z,0,0.03980336877468385
2026-06-19T00:00:00.000Z,0,0.03310437127947807
2026-06-18T00:00:00.000Z,0,0.03668480477340165
2026-06-14T00:00:00.000Z,0,0.036671863725552194
2026-06-17T00:00:00.000Z,0,0.03673710257169746
2026-06-12T00:00:00.000Z,0,0.031620942144876436
2026-06-22T00:00:00.000Z,0,0.03566896764650231
2026-06-26T00:00:00.000Z,0,0.03617457284227661
2026-06-20T00:00:00.000Z,0,0.03175289370119572
2026-06-21T00:00:00.000Z,0,0.032850661529944494
2026-06-27T00:00:00.000Z,0,0.03712603239676891
2026-06-23T00:00:00.000Z,0,0.035594916148554714
2026-06-24T00:00:00.000Z,0,0.03907317760122287
2026-06-25T00:00:00.000Z,0,0.04238202316420419
2026-07-21T00:00:00.000Z,0,
2026-07-15T00:00:00.000Z,0,0.03722679841199091
2026-07-20T00:00:00.000Z,0,
2026-07-17T00:00:00.000Z,0,0.03923258194256397
2026-07-16T00:00:00.000Z,0,0.0408728795058756
2026-07-14T00:00:00.000Z,0,0.03841720148921013
2026-07-19T00:00:00.000Z,0,0.03849013987928629
2026-07-18T00:00:00.000Z,0,0.04575047024139544
2026-08-23T00:00:00.000Z,0,
2026-03-19T00:00:00.000Z,0,
2026-03-16T00:00:00.000Z,0,0.027833343333294316
2026-03-21T00:00:00.000Z,0,
2026-03-22T00:00:00.000Z,0,0.03496837173149271
2026-03-23T00:00:00.000Z,0,0.03523923927231839
2026-03-20T00:00:00.000Z,0,0.031326016632928735
2026-03-17T00:00:00.000Z,0,0.0331735845788249
2026-03-18T00:00:00.000Z,0,
2026-07-02T00:00:00.000Z,0,0.03690961961235319
2026-07-04T00:00:00.000Z,0,0.0400910930087169
2026-07-03T00:00:00.000Z,0,0.03722190856933594
2026-07-01T00:00:00.000Z,0,0.03551623210603116
2026-06-29T00:00:00.000Z,0,0.04152808392322377
2026-06-30T00:00:00.000Z,0,0.04708608396259355
2026-07-05T00:00:00.000Z,0,0.04251353686739658
2026-06-28T00:00:00.000Z,0,0.03796534426510334
2026-07-31T00:00:00.000Z,0,
2026-08-01T00:00:00.000Z,0,0.038392660673707724
2026-08-06T00:00:00.000Z,0,0.03893544756132981
2026-07-30T00:00:00.000Z,0,0.03819475832971789
2026-08-04T00:00:00.000Z,0,0.03860208516319593
2026-08-05T00:00:00.000Z,0,0.04025265363589773
2026-08-02T00:00:00.000Z,0,0.0321667371938626
2026-08-03T00:00:00.000Z,0,
2026-05-02T00:00:00.000Z,0,0.04021287293753762
2026-04-26T00:00:00.000Z,0,0.033083894556122165
2026-04-25T00:00:00.000Z,0,0.030224042192819607
2026-05-01T00:00:00.000Z,0,0.039063391231355216
2026-04-27T00:00:00.000Z,0,
2026-04-29T00:00:00.000Z,0,0.033883176145276854
2026-04-30T00:00:00.000Z,0,0.03521949782346686
2026-04-28T00:00:00.000Z,0,0.03245928318336092
2025-09-03T00:00:00.000Z,0,0.03222912225203636
2025-09-04T00:00:00.000Z,0,0.0334097954304251
2025-09-02T00:00:00.000Z,0,0.03463655512999086
2025-08-29T00:00:00.000Z,0,0.035932837621025414
2025-08-30T00:00:00.000Z,0,
2025-08-28T00:00:00.000Z,0,0.03290008259654948
2025-08-31T00:00:00.000Z,0,
2025-09-01T00:00:00.000Z,0,0.035097191198950724
2025-09-30T00:00:00.000Z,0,0.04093795269727707
2025-10-01T00:00:00.000Z,0,
2025-10-02T00:00:00.000Z,0,0.03978945572788899
2025-10-06T00:00:00.000Z,0,0.03136299711962541
2025-10-04T00:00:00.000Z,0,0.03694709706104408
2025-10-03T00:00:00.000Z,0,0.03899640746806797
2025-10-05T00:00:00.000Z,0,0.03163656360732439
2025-09-29T00:00:00.000Z,0,0.03623267703848641
2025-12-19T00:00:00.000Z,0,0.04691826147692544
2025-12-23T00:00:00.000Z,0,0.03408943172147934
2025-12-18T00:00:00.000Z,0,
2025-12-25T00:00:00.000Z,0,0.036410283621238625
2025-12-21T00:00:00.000Z,0,0.03747519587094967
2025-12-24T00:00:00.000Z,0,0.034601278603076935
2025-12-20T00:00:00.000Z,0,
2025-12-22T00:00:00.000Z,0,0.03947724846582259
2026-05-08T00:00:00.000Z,0,0.04242380145005882
2026-05-06T00:00:00.000Z,0,0.03699377963417455
2026-05-10T00:00:00.000Z,0,0.06210246437885722
2026-05-07T00:00:00.000Z,0,0.04321524796959681
2026-05-09T00:00:00.000Z,0,0.06219283854588866
2026-07-28T00:00:00.000Z,0,0.04059206513744412
2026-07-24T00:00:00.000Z,0,0.03463805839419365
2026-07-25T00:00:00.000Z,0,
2026-07-26T00:00:00.000Z,0,0.03692990903639131
2026-07-22T00:00:00.000Z,0,
2026-07-29T00:00:00.000Z,0,0.03781127846903271
2026-07-23T00:00:00.000Z,0,0.03573480461324964
2026-07-27T00:00:00.000Z,0,0.03666881417882615
2026-08-10T00:00:00.000Z,0,0.036632779078223765
2026-08-07T00:00:00.000Z,0,0.03834794262158019
2026-08-09T00:00:00.000Z,0,
2026-08-08T00:00:00.000Z,0,0.035696050012484194
2026-08-13T00:00:00.000Z,0,0.03981486987322569
2026-08-12T00:00:00.000Z,0,0.04313543811440468
2026-08-11T00:00:00.000Z,0,0.0436712169236895
2026-08-14T00:00:00.000Z,0,
2025-12-15T00:00:00.000Z,0,0.03338120398776872
2025-12-10T00:00:00.000Z,0,
2025-12-16T00:00:00.000Z,0,0.04048913129820274
2025-12-17T00:00:00.000Z,0,0.04053609859612253
2025-12-12T00:00:00.000Z,0,0.04224968861256327
2025-12-13T00:00:00.000Z,0,
2025-12-11T00:00:00.000Z,0,0.0396400039039907
2025-12-14T00:00:00.000Z,0,
2026-03-03T00:00:00.000Z,0,0.034053470262072304
2026-03-05T00:00:00.000Z,0,0.041629115163925146
2026-03-06T00:00:00.000Z,0,0.04206199598099504
2026-03-02T00:00:00.000Z,0,0.03517529533290472
2026-03-01T00:00:00.000Z,0,0.032675052521290715
2026-03-04T00:00:00.000Z,0,0.0412191584268037
2026-02-28T00:00:00.000Z,0,0.033734759375933676
2026-03-07T00:00:00.000Z,0,0.04840704798698425
2026-03-08T00:00:00.000Z,0,0.035892721346539
2026-03-09T00:00:00.000Z,0,0.03314010266746793
2026-03-12T00:00:00.000Z,0,0.032835768182066426
2026-03-10T00:00:00.000Z,0,0.04013102129101753
2026-03-13T00:00:00.000Z,0,0.030652322958816182
2026-03-15T00:00:00.000Z,0,
2026-03-11T00:00:00.000Z,0,
2026-03-14T00:00:00.000Z,0,0.031753197486978024
2026-06-06T00:00:00.000Z,0,0.03583867000859408
2026-06-11T00:00:00.000Z,0,0.04168471889343203
2026-06-05T00:00:00.000Z,0,0.031505063474178314
2026-06-07T00:00:00.000Z,0,0.03447628216374488
2026-06-10T00:00:00.000Z,0,0.04023855640774682
2026-06-09T00:00:00.000Z,0,0.04166751876473427
2026-06-08T00:00:00.000Z,0,0.03831720144688329
2026-06-04T00:00:00.000Z,0,
2026-05-21T00:00:00.000Z,0,0.03267213076885257
2026-05-19T00:00:00.000Z,0,0.03523562103509903
2026-05-23T00:00:00.000Z,0,0.033358749570097865
2026-05-25T00:00:00.000Z,0,0.034930973245603285
2026-05-26T00:00:00.000Z,0,0.03198524021233121
2026-05-20T00:00:00.000Z,0,0.0357543977775744
2026-05-22T00:00:00.000Z,0,0.03135502352038535
2026-05-24T00:00:00.000Z,0,0.032947449684143065
2026-04-06T00:00:00.000Z,0,0.03304656070691568
2026-04-02T00:00:00.000Z,0,0.03238537287847562
2026-04-05T00:00:00.000Z,0,0.03407463920302689
2026-04-04T00:00:00.000Z,0,0.027934872692352848
2026-04-08T00:00:00.000Z,0,0.030415351184584747
2026-04-01T00:00:00.000Z,0,0.02655942179262638
2026-04-03T00:00:00.000Z,0,0.027342623844742776
2026-04-07T00:00:00.000Z,0,
2026-07-09T00:00:00.000Z,0,0.038508395564097624
2026-07-10T00:00:00.000Z,0,0.039054260301737136
2026-07-07T00:00:00.000Z,0,0.04053644003507532
2026-07-08T00:00:00.000Z,0,0.04063578089699149
2026-07-11T00:00:00.000Z,0,0.037646051010359886
2026-07-13T00:00:00.000Z,0,
2026-07-06T00:00:00.000Z,0,0.03977939706634392
2026-07-12T00:00:00.000Z,0,
2025-09-25T00:00:00.000Z,0,0.03543956205248833
2025-09-27T00:00:00.000Z,0,0.03920062236487865
2025-09-23T00:00:00.000Z,0,0.03636024643977483
2025-09-24T00:00:00.000Z,0,0.036109642818188056
2025-09-21T00:00:00.000Z,0,0.035980480785171194
2025-09-22T00:00:00.000Z,0,0.04132067457293019
2025-09-28T00:00:00.000Z,0,0.03597345455948796
2025-09-26T00:00:00.000Z,0,0.03580450530474385
2025-11-06T00:00:00.000Z,0,0.033732820517168596
2025-11-03T00:00:00.000Z,0,0.039466492200301864
2025-11-05T00:00:00.000Z,0,0.03619781668697085
2025-10-31T00:00:00.000Z,0,0.03738715030150871
2025-11-02T00:00:00.000Z,0,0.04460879081958219
2025-11-04T00:00:00.000Z,0,0.05416101923114375
2025-11-07T00:00:00.000Z,0,0.03447868966733117
2025-11-01T00:00:00.000Z,0,0.04468499460759071
2026-01-01T00:00:00.000Z,0,0.039280477497312755
2025-12-29T00:00:00.000Z,0,0.03989156818500272
2026-01-02T00:00:00.000Z,0,0.03814398061919522
2025-12-28T00:00:00.000Z,0,0.03959519996261988
2025-12-30T00:00:00.000Z,0,0.04098200244017136
2025-12-31T00:00:00.000Z,0,
2025-12-26T00:00:00.000Z,0,0.03862449318347942
2025-12-27T00:00:00.000Z,0,0.03433643840253353
2026-02-14T00:00:00.000Z,0,0.03759945759290381
2026-02-13T00:00:00.000Z,0,0.03650208539329469
2026-02-16T00:00:00.000Z,0,0.040943330619484186
2026-02-19T00:00:00.000Z,0,0.0385090507833021
2026-02-18T00:00:00.000Z,0,0.035940875789444694
2026-02-15T00:00:00.000Z,0,0.03750004500357641
2026-02-12T00:00:00.000Z,0,0.0344210280248752
2026-02-17T00:00:00.000Z,0,
