date,feature_index,SO2
2026-01-03T00:00:00.000Z,0,
2026-01-04T00:00:00.000Z,0,-5.733431680710055E-5
2026-01-06T00:00:00.000Z,0,6.225463234508557E-5
2026-01-10T00:00:00.000Z,0,-2.2470489234188057E-5
2026-01-07T00:00:00.000Z,0,-5.664043680250567E-5
2026-01-08T00:00:00.000Z,0,4.397248742480447E-5
2026-01-05T00:00:00.000Z,0,-3.547702046647749E-6
2026-01-09T00:00:00.000Z,0,-3.650325143531691E-5
2026-03-26T00:00:00.000Z,0,
2026-03-30T00:00:00.000Z,0,9.541063010536683E-5
2026-03-24T00:00:00.000Z,0,3.4029131884814155E-5
2026-03-31T00:00:00.000Z,0,-1.712184018742846E-5
2026-03-28T00:00:00.000Z,0,-7.488922123229714E-5
2026-03-27T00:00:00.000Z,0,5.230738590745161E-5
2026-03-25T00:00:00.000Z,0,1.0051419849332888E-4
2026-03-29T00:00:00.000Z,0,2.9114847848177305E-5
2026-07-09T00:00:00.000Z,0,5.400649321191373E-6
2026-07-10T00:00:00.000Z,0,-1.4795275116544612E-5
2026-07-07T00:00:00.000Z,0,7.022881659611899E-5
2026-07-08T00:00:00.000Z,0,-2.2630167321832203E-5
2026-07-11T00:00:00.000Z,0,5.5557806176477155E-5
2026-07-13T00:00:00.000Z,0,-7.17426662103047E-5
2026-07-06T00:00:00.000Z,0,-3.3901201840351513E-5
2026-07-12T00:00:00.000Z,0,
2025-09-03T00:00:00.000Z,0,
2025-09-04T00:00:00.000Z,0,1.576453557368321E-6
2025-09-02T00:00:00.000Z,0,
2025-08-29T00:00:00.000Z,0,-2.0577475559683216E-5
2025-08-30T00:00:00.000Z,0,
2025-08-28T00:00:00.000Z,0,7.080411762401473E-5
2025-08-31T00:00:00.000Z,0,
2025-09-01T00:00:00.000Z,0,-3.716103781741254E-5
2025-10-27T00:00:00.000Z,0,-4.898353433548307E-5
2025-10-23T00:00:00.000Z,0,-1.2743183064111734E-5
2025-10-29T00:00:00.000Z,0,1.8470404722306523E-6
2025-10-26T00:00:00.000Z,0,2.4386864148644755E-5
2025-10-28T00:00:00.000Z,0,1.3050041525816813E-4
2025-10-30T00:00:00.000Z,0,-9.117282371291713E-5
2025-10-25T00:00:00.000Z,0,6.170882573184957E-8
2025-10-24T00:00:00.000Z,0,-3.002032532267982E-5
2025-12-15T00:00:00.000Z,0,
2025-12-10T00:00:00.000Z,0,
2025-12-16T00:00:00.000Z,0,-3.4251369138170657E-4
2025-12-17T00:00:00.000Z,0,3.0153613322237928E-5
2025-12-12T00:00:00.000Z,0,5.813071277486021E-5
2025-12-13T00:00:00.000Z,0,-2.666736231185496E-4
2025-12-11T00:00:00.000Z,0,1.764506979552174E-4
2025-12-14T00:00:00.000Z,0,-1.0442761016416956E-4
2026-06-06T00:00:00.000Z,0,4.319292575668702E-5
2026-06-11T00:00:00.000Z,0,1.0283422863094096E-4
2026-06-05T00:00:00.000Z,0,1.0685832554221028E-5
2026-06-07T00:00:00.000Z,0,-2.8664807126958858E-5
2026-06-10T00:00:00.000Z,0,-6.883226368310196E-6
2026-06-09T00:00:00.000Z,0,8.002981816649221E-5
2026-06-08T00:00:00.000Z,0,-4.86736119244467E-5
2026-06-04T00:00:00.000Z,0,
2026-01-23T00:00:00.000Z,0,
2026-01-25T00:00:00.000Z,0,2.9003730678921E-4
2026-01-19T00:00:00.000Z,0,-6.944277466962896E-6
2026-01-21T00:00:00.000Z,0,-2.1744178368299755E-5
2026-01-22T00:00:00.000Z,0,
2026-01-26T00:00:00.000Z,0,
2026-01-20T00:00:00.000Z,0,5.0767609958971403E-5
2026-01-24T00:00:00.000Z,0,1.335815991729933E-4
2026-05-02T00:00:00.000Z,0,-8.791646130356683E-5
2026-04-26T00:00:00.000Z,0,3.082281915296681E-5
2026-04-25T00:00:00.000Z,0,5.210758186592811E-5
2026-05-01T00:00:00.000Z,0,-2.9310498667828576E-5
2026-04-27T00:00:00.000Z,0,5.124991779060414E-4
2026-04-29T00:00:00.000Z,0,4.957408475006343E-6
2026-04-30T00:00:00.000Z,0,6.131154817369731E-5
2026-04-28T00:00:00.000Z,0,9.926321716713054E-5
2026-04-16T00:00:00.000Z,0,-6.583137651649027E-5
2026-04-13T00:00:00.000Z,0,4.1427279013208006E-5
2026-04-15T00:00:00.000Z,0,1.7250390185841708E-5
2026-04-12T00:00:00.000Z,0,1.2489610851064623E-5
2026-04-10T00:00:00.000Z,0,2.0273377783399026E-5
2026-04-11T00:00:00.000Z,0,-1.157198989641897E-4
2026-04-09T00:00:00.000Z,0,-9.27677960178352E-5
2026-04-14T00:00:00.000Z,0,-4.739385111850511E-5
2026-02-04T00:00:00.000Z,0,-1.0626323300822973E-5
2026-02-05T00:00:00.000Z,0,-1.4399216934180004E-4
2026-02-11T00:00:00.000Z,0,-5.8416722357010475E-5
2026-02-06T00:00:00.000Z,0,-1.181621154544354E-4
2026-02-09T00:00:00.000Z,0,-3.93102492102357E-5
2026-02-07T00:00:00.000Z,0,1.8138406838781002E-4
2026-02-08T00:00:00.000Z,0,2.02783323332439E-5
2026-02-10T00:00:00.000Z,0,-1.3925966171276136E-4
2025-10-11T00:00:00.000Z,0,4.636143936901741E-5
2025-10-12T00:00:00.000Z,0,4.0266423041300314E-4
2025-10-14T00:00:00.000Z,0,1.41635999972052E-4
2025-10-09T00:00:00.000Z,0,4.515088459724904E-5
2025-10-13T00:00:00.000Z,0,1.4154861578606956E-4
2025-10-10T00:00:00.000Z,0,2.2447747563415444E-5
2025-10-07T00:00:00.000Z,0,4.7106997243417936E-5
2025-10-08T00:00:00.000Z,0,7.090514643658978E-6
2025-11-30T00:00:00.000Z,0,-1.062742832194393E-4
2025-11-26T00:00:00.000Z,0,1.4897479174925095E-4
2025-11-25T00:00:00.000Z,0,1.677205740894091E-5
2025-11-28T00:00:00.000Z,0,-1.8740293377223202E-6
2025-11-29T00:00:00.000Z,0,
2025-12-01T00:00:00.000Z,0,
2025-11-27T00:00:00.000Z,0,2.3057062628053937E-4
2025-11-24T00:00:00.000Z,0,1.9263544460473522E-4
2026-07-02T00:00:00.000Z,0,2.6319587651947008E-5
2026-07-04T00:00:00.000Z,0,1.1074139851876768E-4
2026-07-03T00:00:00.000Z,0,7.486070757473888E-5
2026-07-01T00:00:00.000Z,0,3.968681816406054E-5
2026-06-29T00:00:00.000Z,0,8.15787881190016E-5
2026-06-30T00:00:00.000Z,0,1.1473513020410748E-4
2026-07-05T00:00:00.000Z,0,5.87770156559802E-5
2026-06-28T00:00:00.000Z,0,1.1648814904945193E-4
2026-03-19T00:00:00.000Z,0,
2026-03-16T00:00:00.000Z,0,-2.2750394999001034E-4
2026-03-21T00:00:00.000Z,0,4.47774920030497E-4
2026-03-22T00:00:00.000Z,0,-1.0747918947475097E-5
2026-03-23T00:00:00.000Z,0,-2.822499784217923E-5
2026-03-20T00:00:00.000Z,0,-6.4996849703741E-6
2026-03-17T00:00:00.000Z,0,6.594851464407319E-5
2026-03-18T00:00:00.000Z,0,
2025-11-10T00:00:00.000Z,0,6.419453450234869E-5
2025-11-14T00:00:00.000Z,0,-3.102306025192818E-6
2025-11-12T00:00:00.000Z,0,2.8581878799135058E-5
2025-11-08T00:00:00.000Z,0,3.3376776264049113E-4
2025-11-09T00:00:00.000Z,0,-8.195129019094609E-5
2025-11-13T00:00:00.000Z,0,0.0033831760520115495
2025-11-11T00:00:00.000Z,0,7.14338730826317E-5
2025-11-15T00:00:00.000Z,0,2.0857639149307077E-4
2026-03-08T00:00:00.000Z,0,1.5681021904713686E-4
2026-03-09T00:00:00.000Z,0,3.136186338645094E-5
2026-03-12T00:00:00.000Z,0,5.228996009766176E-5
2026-03-10T00:00:00.000Z,0,1.230600666472568E-4
2026-03-13T00:00:00.000Z,0,4.3431051570865164E-5
2026-03-15T00:00:00.000Z,0,
2026-03-11T00:00:00.000Z,0,
2026-03-14T00:00:00.000Z,0,1.844404497812017E-5
2026-07-21T00:00:00.000Z,0,
2026-07-15T00:00:00.000Z,0,-2.623236186932504E-6
2026-07-20T00:00:00.000Z,0,
2026-07-17T00:00:00.000Z,0,2.0423960583085738E-5
2026-07-16T00:00:00.000Z,0,-6.114060698144362E-5
2026-07-14T00:00:00.000Z,0,2.8477344123471525E-5
2026-07-19T00:00:00.000Z,0,-3.850749283931994E-5
2026-07-18T00:00:00.000Z,0,9.012016258259473E-6
2026-01-01T00:00:00.000Z,0,-5.04797699250048E-5
2025-12-29T00:00:00.000Z,0,2.548169015082405E-4
2026-01-02T00:00:00.000Z,0,1.0947817664384922E-4
2025-12-28T00:00:00.000Z,0,-8.201807416531496E-5
2025-12-30T00:00:00.000Z,0,-6.087717076475312E-5
2025-12-31T00:00:00.000Z,0,
2025-12-26T00:00:00.000Z,0,
2025-12-27T00:00:00.000Z,0,-3.8373496421184894E-5
2026-07-31T00:00:00.000Z,0,-3.615693519047151E-5
2026-08-01T00:00:00.000Z,0,6.345936838854305E-5
2026-08-06T00:00:00.000Z,0,7.954412255425527E-5
2026-07-30T00:00:00.000Z,0,-3.378050361686103E-5
2026-08-04T00:00:00.000Z,0,-5.5101247971563115E-6
2026-08-05T00:00:00.000Z,0,2.2843088784709932E-5
2026-08-02T00:00:00.000Z,0,-1.293249960369957E-6
2026-08-03T00:00:00.000Z,0,
2025-09-20T00:00:00.000Z,0,-1.4889433324632201E-5
2025-09-16T00:00:00.000Z,0,3.662772251686874E-5
2025-09-18T00:00:00.000Z,0,-5.450199711767821E-6
2025-09-15T00:00:00.000Z,0,9.857847938960676E-7
2025-09-14T00:00:00.000Z,0,3.801559133222554E-5
2025-09-19T00:00:00.000Z,0,4.019244443043135E-5
2025-09-13T00:00:00.000Z,0,3.630766614605818E-5
2025-09-17T00:00:00.000Z,0,6.48195833027346E-5
2025-11-06T00:00:00.000Z,0,1.3295204102871052E-4
2025-11-03T00:00:00.000Z,0,1.214359490404604E-4
2025-11-05T00:00:00.000Z,0,-1.107848938664531E-5
2025-10-31T00:00:00.000Z,0,-1.5560646469718147E-5
2025-11-02T00:00:00.000Z,0,8.20071697186601E-6
2025-11-04T00:00:00.000Z,0,-3.8214736029916774E-5
2025-11-07T00:00:00.000Z,0,-8.590574101877532E-5
2025-11-01T00:00:00.000Z,0,-5.6235111525806825E-5
2026-05-08T00:00:00.000Z,0,5.7369568773873125E-5
2026-05-06T00:00:00.000Z,0,-1.792307987595147E-5
2026-05-10T00:00:00.000Z,0,7.76257254809734E-5
2026-05-03T00:00:00.000Z,0,-2.2245874669395216E-5
2026-05-07T00:00:00.000Z,0,5.766481654929868E-7
2026-05-09T00:00:00.000Z,0,6.581976749874316E-5
2026-05-04T00:00:00.000Z,0,7.835517862986308E-6
2026-05-05T00:00:00.000Z,0,1.5097348231003188E-5
2026-02-14T00:00:00.000Z,0,-1.5577040973030742E-4
2026-02-13T00:00:00.000Z,0,-1.2083887766796882E-4
2026-02-16T00:00:00.000Z,0,-1.4946407082745628E-5
2026-02-19T00:00:00.000Z,0,5.685267787417355E-5
2026-02-18T00:00:00.000Z,0,-6.269941915348909E-5
2026-02-15T00:00:00.000Z,0,4.331830155836412E-5
2026-02-12T00:00:00.000Z,0,3.7034459595209533E-4
2026-02-17T00:00:00.000Z,0,-1.2257932833633207E-4
2026-04-21T00:00:00.000Z,0,-3.483569745250341E-5
2026-04-20T00:00:00.000Z,0,3.51634886607842E-5
2026-04-19T00:00:00.000Z,0,2.125734611235246E-5
2026-04-22T00:00:00.000Z,0,-6.302736849084751E-5
2026-04-18T00:00:00.000Z,0,-2.9608751858523603E-5
2026-04-17T00:00:00.000Z,0,
2026-04-24T00:00:00.000Z,0,4.422088142876289E-5
2026-04-23T00:00:00.000Z,0,-2.1805571680574975E-5
2026-08-16T00:00:00.000Z,0,3.918550516703233E-6
2026-08-21T00:00:00.000Z,0,-5.330347271915849E-6
2026-08-18T00:00:00.000Z,0,1.3415450454189129E-6
2026-08-15T00:00:00.000Z,0,5.1959023905857025E-5
2026-08-19T00:00:00.000Z,0,2.4277603370137513E-4
2026-08-22T00:00:00.000Z,0,-2.6515418572411624E-5
2026-08-17T00:00:00.000Z,0,-1.556720987883593E-5
2026-08-20T00:00:00.000Z,0,-3.140497634982845E-5
2025-08-25T00:00:00.000Z,0,
2025-08-26T00:00:00.000Z,0,
2025-08-27T00:00:00.000Z,0,2.3099097234080546E-5
2025-08-24T00:00:00.000Z,0,
2025-08-23T00:00:00.000Z,0,
2025-09-30T00:00:00.000Z,0,-2.128150420806681E-5
2025-10-01T00:00:00.000Z,0,1.3288357813291354E-4
2025-10-02T00:00:00.000Z,0,3.734631646000794E-5
2025-10-06T00:00:00.000Z,0,
2025-10-04T00:00:00.000Z,0,8.56467417006137E-5
2025-10-03T00:00:00.000Z,0,6.997266924978855E-5
2025-10-05T00:00:00.000Z,0,-3.8834517113173206E-5
2025-09-29T00:00:00.000Z,0,7.327983790414041E-5
2025-11-20T00:00:00.000Z,0,1.1127838914554948E-4
2025-11-19T00:00:00.000Z,0,-9.247048382392331E-5
2025-11-17T00:00:00.000Z,0,1.6267981941165912E-4
2025-11-22T00:00:00.000Z,0,1.3539431352528806E-4
2025-11-23T00:00:00.000Z,0,1.7716986268180248E-4
2025-11-18T00:00:00.000Z,0,-1.3060528951990862E-4
2025-11-21T00:00:00.000Z,0,2.3632087422919583E-4
2025-11-16T00:00:00.000Z,0,2.3734291716252863E-4
2026-02-25T00:00:00.000Z,0,7.704720917986596E-5
2026-02-23T00:00:00.000Z,0,-1.0185725029389556E-5
2026-02-24T00:00:00.000Z,0,9.746349388976905E-5
2026-02-26T00:00:00.000Z,0,-3.179961591047773E-5
2026-02-22T00:00:00.000Z,0,-1.731336017146965E-4
2026-02-21T00:00:00.000Z,0,-3.166135937655261E-5
2026-02-20T00:00:00.000Z,0,-7.340604707906095E-5
2026-02-27T00:00:00.000Z,0,4.816313218638936E-5
2026-06-13T00:00:00.000Z,0,-4.374982419081689E-6
2026-06-16T00:00:00.000Z,0,-1.3762035572047657E-4
2026-06-15T00:00:00.000Z,0,2.1243372627378568E-4
2026-06-19T00:00:00.000Z,0,-9.393219806952402E-5
2026-06-18T00:00:00.000Z,0,5.821534123461755E-5
2026-06-14T00:00:00.000Z,0,-5.190494513434325E-6
2026-06-17T00:00:00.000Z,0,-1.3819097581801998E-5
2026-06-12T00:00:00.000Z,0,1.0589250449367596E-5
2025-09-25T00:00:00.000Z,0,2.3071198359589506E-5
2025-09-27T00:00:00.000Z,0,6.03537184166011E-5
2025-09-23T00:00:00.000Z,0,4.2053608943942456E-5
2025-09-24T00:00:00.000Z,0,4.9763040984426456E-5
2025-09-21T00:00:00.000Z,0,8.432524063686114E-5
2025-09-22T00:00:00.000Z,0,-4.845664863123169E-5
2025-09-28T00:00:00.000Z,0,9.344157652300229E-5
2025-09-26T00:00:00.000Z,0,1.9997665181325006E-4
2025-12-19T00:00:00.000Z,0,-1.925900869537145E-6
2025-12-23T00:00:00.000Z,0,-1.2506508765243649E-5
2025-12-18T00:00:00.000Z,0,1.2501908846237105E-5
2025-12-25T00:00:00.000Z,0,2.315522971529342E-4
2025-12-21T00:00:00.000Z,0,4.9466657067872195E-5
2025-12-24T00:00:00.000Z,0,7.208064037572945E-5
2025-12-20T00:00:00.000Z,0,
2025-12-22T00:00:00.000Z,0,-1.1805562635191117E-4
2026-05-15T00:00:00.000Z,0,-4.97415441679573E-5
2026-05-17T00:00:00.000Z,0,-6.173561611094989E-5
2026-05-11T00:00:00.000Z,0,1.0240462480786456E-5
2026-05-16T00:00:00.000Z,0,5.518509323922315E-5
2026-05-18T00:00:00.000Z,0,5.968206538195123E-5
2026-05-12T00:00:00.000Z,0,2.348322705740163E-5
2026-05-14T00:00:00.000Z,0,2.2770551950088703E-4
2026-05-13T00:00:00.000Z,0,-1.23624933134384E-4
2026-08-10T00:00:00.000Z,0,2.891248943228675E-5
2026-08-07T00:00:00.000Z,0,6.255101116272644E-5
2026-08-09T00:00:00.000Z,0,-1.9718701012260725E-5
2026-08-08T00:00:00.000Z,0,5.932934646266772E-5
2026-08-13T00:00:00.000Z,0,7.832492287598197E-6
2026-08-12T00:00:00.000Z,0,2.7507464091329547E-5
2026-08-11T00:00:00.000Z,0,
2026-08-14T00:00:00.000Z,0,
2026-02-03T00:00:00.000Z,0,6.50002652337532E-5
2026-02-01T00:00:00.000Z,0,-9.969328918183844E-5
2026-01-31T00:00:00.000Z,0,8.257849488776021E-5
2026-01-28T00:00:00.000Z,0,
2026-01-29T00:00:00.000Z,0,-3.157302666880112E-5
2026-02-02T00:00:00.000Z,0,3.7247141590341927E-4
2026-01-27T00:00:00.000Z,0,
2026-01-30T00:00:00.000Z,0,4.042365854469868E-5
2026-04-06T00:00:00.000Z,0,-1.7535102235688966E-4
2026-04-02T00:00:00.000Z,0,2.005593251816698E-4
2026-04-05T00:00:00.000Z,0,7.980851400394126E-5
2026-04-04T00:00:00.000Z,0,3.2437785711812874E-5
2026-04-08T00:00:00.000Z,0,-8.641183413666502E-5
2026-04-01T00:00:00.000Z,0,-8.435251928810766E-6
2026-04-03T00:00:00.000Z,0,1.6566781899503744E-4
2026-04-07T00:00:00.000Z,0,
2026-07-28T00:00:00.000Z,0,-3.625395901679723E-5
2026-07-24T00:00:00.000Z,0,-1.3123564634764174E-5
2026-07-25T00:00:00.000Z,0,
2026-07-26T00:00:00.000Z,0,3.360388127692291E-5
2026-07-22T00:00:00.000Z,0,
2026-07-29T00:00:00.000Z,0,-8.842472136620927E-5
2026-07-23T00:00:00.000Z,0,-2.775577813736163E-4
2026-07-27T00:00:00.000Z,0,4.066174602441952E-6
2025-09-08T00:00:00.000Z,0,2.3257540912406207E-6
2025-09-10T00:00:00.000Z,0,1.8243276989388895E-5
2025-09-12T00:00:00.000Z,0,3.5238985440104664E-6
2025-09-11T00:00:00.000Z,0,2.3141556117220068E-5
2025-09-06T00:00:00.000Z,0,1.7822516589322255E-6
2025-09-07T00:00:00.000Z,0,2.1626263651342015E-4
2025-09-09T00:00:00.000Z,0,1.79263819124638E-5
2025-09-05T00:00:00.000Z,0,-1.2069203939972795E-4
2025-12-04T00:00:00.000Z,0,3.9528430565789155E-4
2025-12-05T00:00:00.000Z,0,0.0017140745922013085
2025-12-02T00:00:00.000Z,0,1.9841443584244276E-4
2025-12-06T00:00:00.000Z,0,5.184111396374647E-4
2025-12-09T00:00:00.000Z,0,1.4374627703329592E-4
2025-12-08T00:00:00.000Z,0,1.868854586096599E-4
2025-12-03T00:00:00.000Z,0,3.485860507366635E-4
2025-12-07T00:00:00.000Z,0,2.353277364734584E-4
2026-03-03T00:00:00.000Z,0,5.815405554680334E-5
2026-03-05T00:00:00.000Z,0,-1.256398443815886E-4
2026-03-06T00:00:00.000Z,0,1.6096832490845936E-5
2026-03-02T00:00:00.000Z,0,7.344518110130593E-5
2026-03-01T00:00:00.000Z,0,2.0960329948815387E-5
2026-03-04T00:00:00.000Z,0,8.136504219518905E-5
2026-02-28T00:00:00.000Z,0,3.906584778707021E-5
2026-03-07T00:00:00.000Z,0,9.119877867647119E-5
2026-06-03T00:00:00.000Z,0,-2.115906964526121E-5
2026-05-29T00:00:00.000Z,0,4.3024309780732784E-5
2026-06-02T00:00:00.000Z,0,1.1488258449043358E-4
2026-06-01T00:00:00.000Z,0,-9.68448436077822E-6
2026-05-30T00:00:00.000Z,0,-1.1838022392328726E-4
2026-05-28T00:00:00.000Z,0,3.387815013411455E-5
2026-05-27T00:00:00.000Z,0,5.701596621152237E-5
2026-05-31T00:00:00.000Z,0,-8.633732686040971E-5
2025-10-18T00:00:00.000Z,0,9.375968119500266E-5
2025-10-19T00:00:00.000Z,0,1.5759925945314448E-4
2025-10-22T00:00:00.000Z,0,-2.69938711772695E-6
2025-10-16T00:00:00.000Z,0,1.0081685292377751E-4
2025-10-20T00:00:00.000Z,0,8.487537906191955E-5
2025-10-15T00:00:00.000Z,0,-3.3417338348347886E-7
2025-10-21T00:00:00.000Z,0,3.296994875275535E-5
2025-10-17T00:00:00.000Z,0,-4.1079280100304805E-5
2026-01-17T00:00:00.000Z,0,1.7009007219063017E-5
2026-01-15T00:00:00.000Z,0,
2026-01-11T00:00:00.000Z,0,5.758265281959515E-5
2026-01-14T00:00:00.000Z,0,
2026-01-13T00:00:00.000Z,0,-2.066968892307417E-4
2026-01-16T00:00:00.000Z,0,
2026-01-18T00:00:00.000Z,0,3.299080279768012E-5
2026-01-12T00:00:00.000Z,0,
2026-05-21T00:00:00.000Z,0,9.144484935217991E-5
2026-05-19T00:00:00.000Z,0,9.073226933001674E-5
2026-05-23T00:00:00.000Z,0,2.925144599430496E-6
2026-05-25T00:00:00.000Z,0,7.336054928870269E-5
2026-05-26T00:00:00.000Z,0,7.670958033096603E-6
2026-05-20T00:00:00.000Z,0,4.1134549140527575E-5
2026-05-22T00:00:00.000Z,0,-5.308044293477516E-5
2026-05-24T00:00:00.000Z,0,3.220463060739034E-5
2026-06-22T00:00:00.000Z,0,-1.367364070791241E-5
2026-06-26T00:00:00.000Z,0,-4.963770796469665E-6
2026-06-20T00:00:00.000Z,0,7.018523254893287E-6
2026-06-21T00:00:00.000Z,0,-2.0641991631489064E-6
2026-06-27T00:00:00.000Z,0,6.239845718000869E-5
2026-06-23T00:00:00.000Z,0,2.515086399598875E-5
2026-06-24T00:00:00.000Z,0,-4.160745155396788E-6
2026-06-25T00:00:00.000Z,0,-7.788597028896523E-5
2026-08-23T00:00:00.000Z,0,4.2706070619233504E-5
