date,feature_index,NO2
2025-09-08T00:00:00.000Z,0,3.0505500035360456E-5
2025-09-10T00:00:00.000Z,0,3.5726151851689226E-5
2025-09-12T00:00:00.000Z,0,2.3074286572308563E-5
2025-09-11T00:00:00.000Z,0,2.8773522687627782E-5
2025-09-06T00:00:00.000Z,0,2.0310416882946607E-5
2025-09-07T00:00:00.000Z,0,2.6742660338641144E-5
2025-09-09T00:00:00.000Z,0,2.3307940528656427E-5
2025-09-05T00:00:00.000Z,0,2.724576691381277E-5
2026-01-23T00:00:00.000Z,0,
2026-01-25T00:00:00.000Z,0,2.085830493028663E-5
2026-01-19T00:00:00.000Z,0,2.792717457230272E-5
2026-01-21T00:00:00.000Z,0,3.405714583745326E-5
2026-01-22T00:00:00.000Z,0,
2026-01-26T00:00:00.000Z,0,
2026-01-20T00:00:00.000Z,0,3.451240607297396E-5
2026-01-24T00:00:00.000Z,0,1.5029037833918274E-5
2026-05-08T00:00:00.000Z,0,
2026-05-06T00:00:00.000Z,0,5.6895019735661446E-5
2026-05-10T00:00:00.000Z,0,6.738250863236317E-5
2026-05-03T00:00:00.000Z,0,4.537041240837425E-5
2026-05-07T00:00:00.000Z,0,4.7951413112709164E-5
2026-05-09T00:00:00.000Z,0,8.256092669831734E-5
2026-05-04T00:00:00.000Z,0,
2026-05-05T00:00:00.000Z,0,4.82032588652579E-5
2025-09-30T00:00:00.000Z,0,4.1488632199443166E-5
2025-10-01T00:00:00.000Z,0,2.7501429652081088E-5
2025-10-02T00:00:00.000Z,0,2.8429603025870166E-5
2025-10-06T00:00:00.000Z,0,
2025-10-04T00:00:00.000Z,0,3.161725295458815E-5
2025-10-03T00:00:00.000Z,0,3.887785836316956E-5
2025-10-05T00:00:00.000Z,0,2.9694182774706168E-5
2025-09-29T00:00:00.000Z,0,3.543864100143631E-5
2025-11-20T00:00:00.000Z,0,4.382980263731692E-5
2025-11-19T00:00:00.000Z,0,4.856765203190402E-5
2025-11-17T00:00:00.000Z,0,5.766189284865201E-5
2025-11-22T00:00:00.000Z,0,5.483787611280734E-5
2025-11-23T00:00:00.000Z,0,4.9553218169811384E-5
2025-11-18T00:00:00.000Z,0,3.844247010506695E-5
2025-11-21T00:00:00.000Z,0,3.2022256499701707E-5
2025-11-16T00:00:00.000Z,0,5.28651552962228E-5
2025-12-04T00:00:00.000Z,0,3.933798424917595E-5
2025-12-05T00:00:00.000Z,0,4.523894481930516E-5
2025-12-02T00:00:00.000Z,0,4.766483310786065E-5
2025-12-06T00:00:00.000Z,0,2.4789241704624027E-5
2025-12-09T00:00:00.000Z,0,4.6721371160986435E-5
2025-12-08T00:00:00.000Z,0,2.6950851993963926E-5
2025-12-03T00:00:00.000Z,0,4.1063922989927783E-5
2025-12-07T00:00:00.000Z,0,3.270035469021033E-5
2026-02-25T00:00:00.000Z,0,4.4161158257338684E-5
2026-02-23T00:00:00.000Z,0,3.568368388836721E-5
2026-02-24T00:00:00.000Z,0,3.6496941599277E-5
2026-02-26T00:00:00.000Z,0,3.241918598394564E-5
2026-02-22T00:00:00.000Z,0,3.534563088245838E-5
2026-02-21T00:00:00.000Z,0,4.0179983421867726E-5
2026-02-20T00:00:00.000Z,0,3.811689189855575E-5
2026-02-27T00:00:00.000Z,0,2.2471024839219747E-5
2026-06-22T00:00:00.000Z,0,5.370491236958298E-5
2026-06-26T00:00:00.000Z,0,3.9695640073963055E-5
2026-06-20T00:00:00.000Z,0,4.616832185482573E-5
2026-06-21T00:00:00.000Z,0,4.6486452379213E-5
2026-06-27T00:00:00.000Z,0,4.763824346723379E-5
2026-06-23T00:00:00.000Z,0,5.6062266724308885E-5
2026-06-24T00:00:00.000Z,0,4.166150115452183E-5
2026-06-25T00:00:00.000Z,0,2.4779020074484414E-5
2026-04-21T00:00:00.000Z,0,3.521859695779096E-5
2026-04-20T00:00:00.000Z,0,2.7660417273230115E-5
2026-04-19T00:00:00.000Z,0,2.6092307124843766E-5
2026-04-22T00:00:00.000Z,0,3.6024775735789995E-5
2026-04-18T00:00:00.000Z,0,2.6093894316874363E-5
2026-04-17T00:00:00.000Z,0,
2026-04-24T00:00:00.000Z,0,3.1280927000157786E-5
2026-04-23T00:00:00.000Z,0,2.6398139577092177E-5
2026-01-01T00:00:00.000Z,0,
2025-12-29T00:00:00.000Z,0,7.499021558032837E-5
2026-01-02T00:00:00.000Z,0,5.277851024792264E-5
2025-12-28T00:00:00.000Z,0,5.270747159728843E-5
2025-12-30T00:00:00.000Z,0,4.984734234470955E-5
2025-12-31T00:00:00.000Z,0,
2025-12-26T00:00:00.000Z,0,3.653792395025015E-5
2025-12-27T00:00:00.000Z,0,5.52330828983171E-5
2026-08-10T00:00:00.000Z,0,2.94457716206255E-5
2026-08-07T00:00:00.000Z,0,2.9810629169795694E-5
2026-08-09T00:00:00.000Z,0,1.7177851889625473E-5
2026-08-08T00:00:00.000Z,0,1.892530570200636E-5
2026-08-13T00:00:00.000Z,0,2.429824635819878E-5
2026-08-12T00:00:00.000Z,0,3.843592141839465E-5
2026-08-11T00:00:00.000Z,0,
2026-08-14T00:00:00.000Z,0,
2025-12-19T00:00:00.000Z,0,6.308114643616136E-5
2025-12-23T00:00:00.000Z,0,2.2907585934225E-5
2025-12-18T00:00:00.000Z,0,5.4742748676182924E-5
2025-12-25T00:00:00.000Z,0,3.5517580073474164E-5
2025-12-21T00:00:00.000Z,0,
2025-12-24T00:00:00.000Z,0,3.783128810092811E-5
2025-12-20T00:00:00.000Z,0,
2025-12-22T00:00:00.000Z,0,3.0948431560047656E-5
2025-11-06T00:00:00.000Z,0,4.472202882815119E-5
2025-11-03T00:00:00.000Z,0,4.041599747021488E-5
2025-11-05T00:00:00.000Z,0,3.587080865535037E-5
2025-10-31T00:00:00.000Z,0,4.146771128771001E-5
2025-11-02T00:00:00.000Z,0,3.8933585745412746E-5
2025-11-04T00:00:00.000Z,0,4.437830359295601E-5
2025-11-07T00:00:00.000Z,0,5.030983724975071E-5
2025-11-01T00:00:00.000Z,0,3.68587790641565E-5
2026-03-19T00:00:00.000Z,0,
2026-03-16T00:00:00.000Z,0,-1.3587672827536773E-6
2026-03-21T00:00:00.000Z,0,2.645122290582199E-5
2026-03-22T00:00:00.000Z,0,2.420794704622018E-5
2026-03-23T00:00:00.000Z,0,2.363438623086993E-5
2026-03-20T00:00:00.000Z,0,1.9931660251037602E-5
2026-03-17T00:00:00.000Z,0,3.3068142627712405E-6
2026-03-18T00:00:00.000Z,0,
2026-07-21T00:00:00.000Z,0,
2026-07-15T00:00:00.000Z,0,4.3233901509886366E-5
2026-07-20T00:00:00.000Z,0,
2026-07-17T00:00:00.000Z,0,2.9689876100746915E-5
2026-07-16T00:00:00.000Z,0,3.653127728908907E-5
2026-07-14T00:00:00.000Z,0,5.626677427374359E-5
2026-07-19T00:00:00.000Z,0,3.3717854031627735E-5
2026-07-18T00:00:00.000Z,0,3.098014536817573E-5
2025-11-30T00:00:00.000Z,0,2.241651745512522E-5
2025-11-26T00:00:00.000Z,0,4.588801233954395E-5
2025-11-25T00:00:00.000Z,0,3.834500310923821E-5
2025-11-28T00:00:00.000Z,0,4.048804255164994E-5
2025-11-29T00:00:00.000Z,0,4.116093731725068E-5
2025-12-01T00:00:00.000Z,0,4.416734834324286E-5
2025-11-27T00:00:00.000Z,0,3.786336674238555E-5
2025-11-24T00:00:00.000Z,0,4.393274273405994E-5
2026-08-16T00:00:00.000Z,0,2.6588590626055347E-5
2026-08-21T00:00:00.000Z,0,3.0177781809470616E-5
2026-08-18T00:00:00.000Z,0,2.8066220310345097E-5
2026-08-15T00:00:00.000Z,0,3.324011892064369E-5
2026-08-19T00:00:00.000Z,0,
2026-08-22T00:00:00.000Z,0,2.7311624442415744E-5
2026-08-17T00:00:00.000Z,0,3.6473938534447155E-5
2026-08-20T00:00:00.000Z,0,
2026-04-16T00:00:00.000Z,0,2.920510845190923E-5
2026-04-13T00:00:00.000Z,0,2.8031499390462634E-5
2026-04-15T00:00:00.000Z,0,2.522704734937114E-5
2026-04-12T00:00:00.000Z,0,3.307556278828304E-5
2026-04-10T00:00:00.000Z,0,2.9056609210307388E-5
2026-04-11T00:00:00.000Z,0,3.319335422480884E-5
2026-04-09T00:00:00.000Z,0,2.3328583019207715E-5
2026-04-14T00:00:00.000Z,0,3.535633507973606E-5
2026-05-02T00:00:00.000Z,0,5.52530304741508E-5
2026-04-26T00:00:00.000Z,0,3.4566207540635896E-5
2026-04-25T00:00:00.000Z,0,2.863767409031598E-5
2026-05-01T00:00:00.000Z,0,5.99643095223915E-5
2026-04-27T00:00:00.000Z,0,
2026-04-29T00:00:00.000Z,0,3.361759668439932E-5
2026-04-30T00:00:00.000Z,0,5.412732540814128E-5
2026-04-28T00:00:00.000Z,0,4.67340693527755E-5
2026-06-13T00:00:00.000Z,0,3.5522292932910204E-5
2026-06-16T00:00:00.000Z,0,3.015988022525562E-5
2026-06-15T00:00:00.000Z,0,6.485036938101985E-5
2026-06-19T00:00:00.000Z,0,
2026-06-18T00:00:00.000Z,0,6.022614760728306E-5
2026-06-14T00:00:00.000Z,0,4.1416171847058215E-5
2026-06-17T00:00:00.000Z,0,6.11522629177281E-5
2026-06-12T00:00:00.000Z,0,5.171550570334408E-5
2026-07-31T00:00:00.000Z,0,
2026-08-01T00:00:00.000Z,0,2.0844662440839995E-5
2026-08-06T00:00:00.000Z,0,3.294206839814546E-5
2026-07-30T00:00:00.000Z,0,2.61474236575178E-5
2026-08-04T00:00:00.000Z,0,3.7662427294654425E-5
2026-08-05T00:00:00.000Z,0,3.439630767215498E-5
2026-08-02T00:00:00.000Z,0,2.412064688022448E-5
2026-08-03T00:00:00.000Z,0,
2025-08-25T00:00:00.000Z,0,
2025-08-26T00:00:00.000Z,0,
2025-08-27T00:00:00.000Z,0,
2025-08-24T00:00:00.000Z,0,
2025-08-23T00:00:00.000Z,0,
2025-11-10T00:00:00.000Z,0,4.809313748496823E-5
2025-11-14T00:00:00.000Z,0,3.601152437633053E-5
2025-11-12T00:00:00.000Z,0,5.379231801530945E-5
2025-11-08T00:00:00.000Z,0,3.705914624723456E-5
2025-11-09T00:00:00.000Z,0,3.73888445297087E-5
2025-11-13T00:00:00.000Z,0,4.2126186902654204E-5
2025-11-11T00:00:00.000Z,0,4.368908163260563E-5
2025-11-15T00:00:00.000Z,0,4.490818342414319E-5
2026-03-08T00:00:00.000Z,0,2.6888377262713176E-5
2026-03-09T00:00:00.000Z,0,1.8805747376720523E-5
2026-03-12T00:00:00.000Z,0,1.3920874634788474E-5
2026-03-10T00:00:00.000Z,0,
2026-03-13T00:00:00.000Z,0,1.570576911344038E-5
2026-03-15T00:00:00.000Z,0,
2026-03-11T00:00:00.000Z,0,
2026-03-14T00:00:00.000Z,0,1.539106412671404E-5
2026-05-15T00:00:00.000Z,0,3.601534195435566E-5
2026-05-17T00:00:00.000Z,0,4.475598931700612E-5
2026-05-11T00:00:00.000Z,0,2.8182633308287698E-5
2026-05-16T00:00:00.000Z,0,5.424351430909675E-5
2026-05-18T00:00:00.000Z,0,4.055627362374382E-5
2026-05-12T00:00:00.000Z,0,3.1873508493751206E-5
2026-05-14T00:00:00.000Z,0,3.690740923047997E-5
2026-05-13T00:00:00.000Z,0,4.313411303276856E-5
2026-05-21T00:00:00.000Z,0,2.4057629992685613E-5
2026-05-19T00:00:00.000Z,0,4.55915813377249E-5
2026-05-23T00:00:00.000Z,0,3.2854409082141325E-5
2026-05-25T00:00:00.000Z,0,4.906799210414635E-5
2026-05-26T00:00:00.000Z,0,5.5725575033907914E-5
2026-05-20T00:00:00.000Z,0,4.964677080871687E-5
2026-05-22T00:00:00.000Z,0,3.747134559532805E-5
2026-05-24T00:00:00.000Z,0,2.6071772759274205E-5
2026-02-14T00:00:00.000Z,0,5.471490068709708E-5
2026-02-13T00:00:00.000Z,0,3.3637316900716365E-5
2026-02-16T00:00:00.000Z,0,4.715606377835179E-5
2026-02-19T00:00:00.000Z,0,3.836758789821899E-5
2026-02-18T00:00:00.000Z,0,4.351776494461644E-5
2026-02-15T00:00:00.000Z,0,4.461016669665696E-5
2026-02-12T00:00:00.000Z,0,3.752565041958449E-5
2026-02-17T00:00:00.000Z,0,5.157572254574916E-5
2026-07-09T00:00:00.000Z,0,5.806034236426847E-5
2026-07-10T00:00:00.000Z,0,4.285073641984214E-5
2026-07-07T00:00:00.000Z,0,4.3087174422648135E-5
2026-07-08T00:00:00.000Z,0,4.120839294046164E-5
2026-07-11T00:00:00.000Z,0,3.7404195865465356E-5
2026-07-13T00:00:00.000Z,0,5.714772232749965E-5
2026-07-06T00:00:00.000Z,0,4.1460653933643786E-5
2026-07-12T00:00:00.000Z,0,
2025-09-03T00:00:00.000Z,0,
2025-09-04T00:00:00.000Z,0,3.004189650656532E-5
2025-09-02T00:00:00.000Z,0,
2025-08-29T00:00:00.000Z,0,2.075746961054392E-5
2025-08-30T00:00:00.000Z,0,
2025-08-28T00:00:00.000Z,0,2.2492230626479554E-5
2025-08-31T00:00:00.000Z,0,
2025-09-01T00:00:00.000Z,0,1.8286638127148166E-5
2025-10-18T00:00:00.000Z,0,3.095141043255959E-5
2025-10-19T00:00:00.000Z,0,2.6687508206383166E-5
2025-10-22T00:00:00.000Z,0,2.820596600507824E-5
2025-10-16T00:00:00.000Z,0,3.8820499087575756E-5
2025-10-20T00:00:00.000Z,0,3.1299066779952444E-5
2025-10-15T00:00:00.000Z,0,3.9269178268157356E-5
2025-10-21T00:00:00.000Z,0,4.0119110378457534E-5
2025-10-17T00:00:00.000Z,0,2.9682422856629792E-5
2026-01-03T00:00:00.000Z,0,
2026-01-04T00:00:00.000Z,0,
2026-01-06T00:00:00.000Z,0,3.9056951881981176E-5
2026-01-10T00:00:00.000Z,0,3.1083797422756455E-5
2026-01-07T00:00:00.000Z,0,2.6987060534468454E-5
2026-01-08T00:00:00.000Z,0,3.0412213943366494E-5
2026-01-05T00:00:00.000Z,0,
2026-01-09T00:00:00.000Z,0,4.478509455501418E-5
2026-03-26T00:00:00.000Z,0,
2026-03-30T00:00:00.000Z,0,4.134825496080071E-5
2026-03-24T00:00:00.000Z,0,3.379772750208975E-5
2026-03-31T00:00:00.000Z,0,2.378894264025307E-5
2026-03-28T00:00:00.000Z,0,3.887098653328447E-5
2026-03-27T00:00:00.000Z,0,4.0868259929993656E-5
2026-03-25T00:00:00.000Z,0,2.5660354358478797E-5
2026-03-29T00:00:00.000Z,0,2.759614684626805E-5
2026-07-02T00:00:00.000Z,0,4.263268734283895E-5
2026-07-04T00:00:00.000Z,0,4.240511210925419E-5
2026-07-03T00:00:00.000Z,0,4.895272054868242E-5
2026-07-01T00:00:00.000Z,0,5.057709313405212E-5
2026-06-29T00:00:00.000Z,0,4.9489996704726795E-5
2026-06-30T00:00:00.000Z,0,4.210574650327836E-5
2026-07-05T00:00:00.000Z,0,4.609731473939736E-5
2026-06-28T00:00:00.000Z,0,4.747029855761433E-5
2025-09-20T00:00:00.000Z,0,3.019267381075354E-5
2025-09-16T00:00:00.000Z,0,2.556363483563473E-5
2025-09-18T00:00:00.000Z,0,2.413259892208559E-5
2025-09-15T00:00:00.000Z,0,2.7395771176088602E-5
2025-09-14T00:00:00.000Z,0,2.721355303947348E-5
2025-09-19T00:00:00.000Z,0,2.609456593442398E-5
2025-09-13T00:00:00.000Z,0,2.4902840599289838E-5
2025-09-17T00:00:00.000Z,0,2.6517302949127553E-5
2025-10-11T00:00:00.000Z,0,3.266872377458813E-5
2025-10-12T00:00:00.000Z,0,3.395655063459777E-5
2025-10-14T00:00:00.000Z,0,3.9845907828012494E-5
2025-10-09T00:00:00.000Z,0,3.074799780647265E-5
2025-10-13T00:00:00.000Z,0,3.511903818911205E-5
2025-10-10T00:00:00.000Z,0,3.392767586687807E-5
2025-10-07T00:00:00.000Z,0,1.4958659844090843E-5
2025-10-08T00:00:00.000Z,0,1.4564789710545614E-5
2026-02-04T00:00:00.000Z,0,3.3171109702748037E-5
2026-02-05T00:00:00.000Z,0,3.49175415235352E-5
2026-02-11T00:00:00.000Z,0,3.4276267570021446E-5
2026-02-06T00:00:00.000Z,0,3.075811686617921E-5
2026-02-09T00:00:00.000Z,0,5.15395830629323E-5
2026-02-07T00:00:00.000Z,0,3.6865280651996035E-5
2026-02-08T00:00:00.000Z,0,3.815733099372664E-5
2026-02-10T00:00:00.000Z,0,3.092216866207309E-5
2026-06-06T00:00:00.000Z,0,6.007473313643242E-5
2026-06-11T00:00:00.000Z,0,7.762784540924865E-5
2026-06-05T00:00:00.000Z,0,4.787176775218021E-5
2026-06-07T00:00:00.000Z,0,5.6148436323426376E-5
2026-06-10T00:00:00.000Z,0,5.134579935526874E-5
2026-06-09T00:00:00.000Z,0,5.097477961022551E-5
2026-06-08T00:00:00.000Z,0,5.1234960362004735E-5
2026-06-04T00:00:00.000Z,0,
2025-09-25T00:00:00.000Z,0,3.249081611925032E-5
2025-09-27T00:00:00.000Z,0,3.9441309863399334E-5
2025-09-23T00:00:00.000Z,0,4.279217810541186E-5
2025-09-24T00:00:00.000Z,0,3.748396245230522E-5
2025-09-21T00:00:00.000Z,0,3.415210273617829E-5
2025-09-22T00:00:00.000Z,0,3.4778373403588335E-5
2025-09-28T00:00:00.000Z,0,3.301814472035316E-5
2025-09-26T00:00:00.000Z,0,3.9004755719707605E-5
2025-10-27T00:00:00.000Z,0,4.616516175052051E-5
2025-10-23T00:00:00.000Z,0,3.193178939736321E-5
2025-10-29T00:00:00.000Z,0,2.8520448592774172E-5
2025-10-26T00:00:00.000Z,0,4.03715354791313E-5
2025-10-28T00:00:00.000Z,0,5.582309690258366E-5
2025-10-30T00:00:00.000Z,0,3.823870513640161E-5
2025-10-25T00:00:00.000Z,0,4.500457385975529E-5
2025-10-24T00:00:00.000Z,0,3.0778510390085836E-5
2025-12-15T00:00:00.000Z,0,3.103998187725665E-5
2025-12-10T00:00:00.000Z,0,4.448076285933937E-5
2025-12-16T00:00:00.000Z,0,6.470764327830347E-5
2025-12-17T00:00:00.000Z,0,5.088352450651915E-5
2025-12-12T00:00:00.000Z,0,4.0264844940907096E-5
2025-12-13T00:00:00.000Z,0,
2025-12-11T00:00:00.000Z,0,3.505639124124995E-5
2025-12-14T00:00:00.000Z,0,6.486434908654745E-5
2026-02-03T00:00:00.000Z,0,3.7780104841138904E-5
2026-02-01T00:00:00.000Z,0,
2026-01-31T00:00:00.000Z,0,4.855750477872789E-5
2026-01-28T00:00:00.000Z,0,1.778723900529366E-5
2026-01-29T00:00:00.000Z,0,3.760581118751274E-5
2026-02-02T00:00:00.000Z,0,
2026-01-27T00:00:00.000Z,0,
2026-01-30T00:00:00.000Z,0,3.5632934685952335E-5
2026-01-17T00:00:00.000Z,0,3.6187152437334935E-5
2026-01-15T00:00:00.000Z,0,
2026-01-11T00:00:00.000Z,0,4.9308920438306814E-5
2026-01-14T00:00:00.000Z,0,
2026-01-13T00:00:00.000Z,0,5.214032158807546E-5
2026-01-16T00:00:00.000Z,0,
2026-01-18T00:00:00.000Z,0,3.387925977720096E-5
2026-01-12T00:00:00.000Z,0,
2026-06-03T00:00:00.000Z,0,4.5164093275421434E-5
2026-05-29T00:00:00.000Z,0,5.880477307246543E-5
2026-06-02T00:00:00.000Z,0,4.9995434675933903E-5
2026-06-01T00:00:00.000Z,0,4.9565733856330295E-5
2026-05-30T00:00:00.000Z,0,5.231780162375799E-5
2026-05-28T00:00:00.000Z,0,
2026-05-27T00:00:00.000Z,0,3.783485841441212E-5
2026-05-31T00:00:00.000Z,0,4.653257898705002E-5
2026-04-06T00:00:00.000Z,0,1.911562792348117E-5
2026-04-02T00:00:00.000Z,0,4.814541463212773E-5
2026-04-05T00:00:00.000Z,0,2.712844968213869E-5
2026-04-04T00:00:00.000Z,0,2.016490277098649E-5
2026-04-08T00:00:00.000Z,0,2.781904258443385E-5
2026-04-01T00:00:00.000Z,0,2.010844467089815E-5
2026-04-03T00:00:00.000Z,0,
2026-04-07T00:00:00.000Z,0,
2026-03-03T00:00:00.000Z,0,4.525620202652395E-5
2026-03-05T00:00:00.000Z,0,3.245061924687997E-5
2026-03-06T00:00:00.000Z,0,2.2089716410499976E-5
2026-03-02T00:00:00.000Z,0,4.684267576039819E-5
2026-03-01T00:00:00.000Z,0,2.78206269372493E-5
2026-03-04T00:00:00.000Z,0,2.8009619286638642E-5
2026-02-28T00:00:00.000Z,0,1.6249834472892827E-5
2026-03-07T00:00:00.000Z,0,3.179684699716745E-5
2026-08-23T00:00:00.000Z,0,3.9175844091611606E-5
2026-07-28T00:00:00.000Z,0,3.547024442179298E-5
2026-07-24T00:00:00.000Z,0,2.5526408050306295E-5
2026-07-25T00:00:00.000Z,0,
2026-07-26T00:00:00.000Z,0,2.4844654858281413E-5
2026-07-22T00:00:00.000Z,0,
2026-07-29T00:00:00.000Z,0,3.6263003948988626E-5
2026-07-23T00:00:00.000Z,0,
2026-07-27T00:00:00.000Z,0,2.7791529494910112E-5
